Filename,No,mean(exx),stdev(exx),mean(eyy),stdev(eyy),mean(exy),stdev(exy)
BY60M-2_page_0001.out,1,-5.13E-17,2.63E-17,-4.86E-17,3.22E-17,-3.22E-19,2.83E-17
BY60M-2_page_0002.out,2,-8.95E-06,7.94E-05,8.06E-07,7.09E-05,-7.59E-06,5.17E-05
BY60M-2_page_0003.out,3,-3.97E-06,7.62E-05,3.68E-06,6.29E-05,-2.92E-06,4.50E-05
BY60M-2_page_0004.out,4,9.56E-07,7.71E-05,-2.08E-06,4.79E-05,-7.08E-06,4.31E-05
BY60M-2_page_0005.out,5,-1.58E-06,8.14E-05,-6.92E-06,5.82E-05,-1.62E-06,4.29E-05
BY60M-2_page_0006.out,6,1.91E-07,7.78E-05,-2.47E-06,6.11E-05,-3.44E-07,4.00E-05
BY60M-2_page_0007.out,7,-1.24E-05,7.27E-05,-5.81E-06,5.65E-05,-5.39E-06,4.62E-05
BY60M-2_page_0008.out,8,-1.93E-05,8.76E-05,2.97E-05,6.73E-05,-2.70E-06,5.35E-05
BY60M-2_page_0009.out,9,-0.000117377,9.52E-05,0.00036446,8.32E-05,1.13E-05,7.26E-05
BY60M-2_page_0010.out,10,-0.000208708,0.000112201,0.000650062,0.000103507,4.27E-06,8.23E-05
BY60M-2_page_0011.out,11,-0.000306644,9.47E-05,0.000937731,9.03E-05,1.71E-07,7.70E-05
BY60M-2_page_0012.out,12,-0.000403292,0.00011457,0.00124006,0.000105677,1.18E-05,7.56E-05
BY60M-2_page_0013.out,13,-0.000503084,0.000138855,0.00154243,0.000122798,1.56E-05,9.30E-05
BY60M-2_page_0014.out,14,-0.00060263,0.000105842,0.00182784,0.000119147,4.64E-06,7.95E-05
BY60M-2_page_0015.out,15,-0.000714096,0.000136326,0.0021413,0.000132557,2.85E-06,9.61E-05
BY60M-2_page_0016.out,16,-0.000800886,0.000180818,0.0024562,0.000133514,8.73E-06,0.000114329
BY60M-2_page_0017.out,17,-0.000936523,0.000165573,0.0027535,0.00014355,3.27E-06,9.90E-05
BY60M-2_page_0018.out,18,-0.00103114,0.000161583,0.00308069,0.000147627,2.32E-06,9.42E-05
BY60M-2_page_0019.out,19,-0.00112221,0.000198038,0.00339898,0.000181207,9.58E-06,0.000120553
BY60M-2_page_0020.out,20,-0.00123826,0.000175322,0.00372321,0.000183051,-3.42E-06,0.000125279
BY60M-2_page_0021.out,21,-0.00135467,0.000183176,0.00405401,0.000193672,-9.03E-06,0.000119358
BY60M-2_page_0022.out,22,-0.00144304,0.000216995,0.00438694,0.000204992,-1.31E-06,0.000139783
BY60M-2_page_0023.out,23,-0.0015721,0.000216543,0.00474194,0.000208315,5.66E-06,0.000151064
BY60M-2_page_0024.out,24,-0.00168129,0.000240273,0.00508421,0.000237929,-1.32E-05,0.000157652
BY60M-2_page_0025.out,25,-0.0017867,0.00024786,0.00544017,0.000239861,-7.05E-06,0.000163113
BY60M-2_page_0026.out,26,-0.00191059,0.000246365,0.00581111,0.000269515,-4.54E-06,0.000177279
BY60M-2_page_0027.out,27,-0.00202655,0.000261765,0.00617873,0.000291184,-1.90E-05,0.000182813
BY60M-2_page_0028.out,28,-0.00214281,0.000282374,0.00654886,0.000306175,-1.84E-05,0.000186968
BY60M-2_page_0029.out,29,-0.00226789,0.000288647,0.00692922,0.00032951,-1.21E-05,0.00019444
BY60M-2_page_0030.out,30,-0.00238964,0.000278613,0.00730637,0.000341322,-1.49E-05,0.000200739
BY60M-2_page_0031.out,31,-0.00250437,0.00029897,0.00771108,0.000368619,-2.14E-05,0.000214098
BY60M-2_page_0032.out,32,-0.00263183,0.0003018,0.00810587,0.000383594,-2.10E-05,0.00022257
BY60M-2_page_0033.out,33,-0.00276479,0.000319826,0.0085116,0.000394467,-2.60E-05,0.000225924
BY60M-2_page_0034.out,34,-0.0029047,0.00032142,0.00891999,0.000431705,-2.41E-05,0.000241034
BY60M-2_page_0035.out,35,-0.00302852,0.000340276,0.00933805,0.000458704,-1.98E-05,0.000249964
BY60M-2_page_0036.out,36,-0.003157,0.000361846,0.00974627,0.000490432,-3.27E-05,0.000252597
BY60M-2_page_0037.out,37,-0.00328169,0.000366291,0.010144,0.000518564,-2.70E-05,0.000259405
BY60M-2_page_0038.out,38,-0.00341434,0.000389515,0.0105699,0.000555926,-3.60E-05,0.000271936
BY60M-2_page_0039.out,39,-0.0035431,0.000387356,0.0109715,0.000568846,-4.20E-05,0.000280349
BY60M-2_page_0040.out,40,-0.00367962,0.000407923,0.0113866,0.000605808,-3.14E-05,0.000279828
BY60M-2_page_0041.out,41,-0.00382494,0.000441686,0.0118172,0.000634534,-3.25E-05,0.000289434
BY60M-2_page_0042.out,42,-0.00395019,0.000447355,0.0122253,0.000668223,-4.20E-05,0.000294074
BY60M-2_page_0043.out,43,-0.00406391,0.000466034,0.0126271,0.000710091,-4.52E-05,0.000312632
BY60M-2_page_0044.out,44,-0.00420615,0.00047632,0.0130476,0.000744986,-4.45E-05,0.000315781
BY60M-2_page_0045.out,45,-0.00433699,0.000503589,0.0134554,0.000785354,-4.55E-05,0.000327412
BY60M-2_page_0046.out,46,-0.0044572,0.00051357,0.013865,0.000800079,-3.79E-05,0.00033145
BY60M-2_page_0047.out,47,-0.00460254,0.000517749,0.0142782,0.000853103,-4.20E-05,0.000344589
BY60M-2_page_0048.out,48,-0.00472491,0.000544435,0.0146939,0.000890635,-4.97E-05,0.00035596
BY60M-2_page_0049.out,49,-0.00485584,0.000557062,0.0151201,0.000916832,-5.64E-05,0.000355076
BY60M-2_page_0050.out,50,-0.00497859,0.000577839,0.0155155,0.000974661,-4.32E-05,0.000361693
BY60M-2_page_0051.out,51,-0.00510356,0.000588404,0.0159316,0.000998511,-4.82E-05,0.00037622
BY60M-2_page_0052.out,52,-0.00524504,0.000612511,0.0163388,0.00104714,-5.99E-05,0.000389729
BY60M-2_page_0053.out,53,-0.00537236,0.000608263,0.016761,0.00108116,-4.26E-05,0.000390353
BY60M-2_page_0054.out,54,-0.00550794,0.000641516,0.0171676,0.00114434,-5.86E-05,0.000411643
BY60M-2_page_0055.out,55,-0.00563532,0.000651128,0.017598,0.00117062,-4.82E-05,0.000415181
BY60M-2_page_0056.out,56,-0.00576377,0.000660661,0.0180047,0.00120721,-5.71E-05,0.000420755
BY60M-2_page_0057.out,57,-0.00589157,0.000704617,0.01842,0.00125554,-4.80E-05,0.000429515
BY60M-2_page_0058.out,58,-0.00603314,0.000701095,0.0188349,0.00130995,-5.60E-05,0.000435496
BY60M-2_page_0059.out,59,-0.0061625,0.000725993,0.0192612,0.00134155,-5.63E-05,0.000456159
BY60M-2_page_0060.out,60,-0.00629782,0.000741433,0.0196776,0.00138232,-5.35E-05,0.000454263
BY60M-2_page_0061.out,61,-0.00642565,0.000766704,0.0201061,0.00143081,-5.83E-05,0.000475779
BY60M-2_page_0062.out,62,-0.00656642,0.000791509,0.020542,0.00147129,-5.85E-05,0.000465368
BY60M-2_page_0063.out,63,-0.00671218,0.000800606,0.0209725,0.00152335,-5.45E-05,0.00049432
BY60M-2_page_0064.out,64,-0.00684266,0.000814183,0.0214209,0.00156628,-5.41E-05,0.000500686
BY60M-2_page_0065.out,65,-0.00699386,0.000830802,0.0218458,0.00163812,-6.32E-05,0.000518384
BY60M-2_page_0066.out,66,-0.00714533,0.00086492,0.0223006,0.00167085,-7.26E-05,0.000519354
BY60M-2_page_0067.out,67,-0.00728367,0.000865472,0.0227434,0.00173601,-5.74E-05,0.000540909
BY60M-2_page_0068.out,68,-0.00742909,0.000887031,0.0231948,0.00177282,-6.85E-05,0.000553965
BY60M-2_page_0069.out,69,-0.00757009,0.000911992,0.0236453,0.00185108,-6.97E-05,0.000559065
BY60M-2_page_0070.out,70,-0.00772381,0.000934661,0.0241043,0.00189191,-6.16E-05,0.000571121
BY60M-2_page_0071.out,71,-0.00787391,0.000948675,0.0245565,0.00195688,-7.36E-05,0.000568195
BY60M-2_page_0072.out,72,-0.00800714,0.000984038,0.0250133,0.00201643,-6.94E-05,0.000592197
BY60M-2_page_0073.out,73,-0.00816473,0.000995027,0.025468,0.00207386,-8.42E-05,0.000597072
BY60M-2_page_0074.out,74,-0.00831926,0.00101494,0.0259243,0.00213834,-7.59E-05,0.000609571
BY60M-2_page_0075.out,75,-0.00845885,0.00102788,0.0263918,0.00219645,-7.45E-05,0.000616675
BY60M-2_page_0076.out,76,-0.00860717,0.00104303,0.0268427,0.00227563,-7.51E-05,0.000623114
BY60M-2_page_0077.out,77,-0.00874895,0.0010622,0.027311,0.00233968,-8.24E-05,0.000645014
BY60M-2_page_0078.out,78,-0.0089012,0.00108544,0.0277668,0.0024154,-7.57E-05,0.000654769
BY60M-2_page_0079.out,79,-0.00905055,0.00110961,0.0282477,0.00247725,-8.87E-05,0.000662644
BY60M-2_page_0080.out,80,-0.00920886,0.00113298,0.0287056,0.00254399,-8.17E-05,0.000667812
BY60M-2_page_0081.out,81,-0.00936434,0.00116865,0.0291713,0.00262371,-8.58E-05,0.00068021
BY60M-2_page_0082.out,82,-0.00950802,0.00118627,0.0296424,0.002702,-8.43E-05,0.000693455
BY60M-2_page_0083.out,83,-0.00966164,0.00121442,0.0301131,0.0027738,-8.44E-05,0.000714174
BY60M-2_page_0084.out,84,-0.00981824,0.00123897,0.0305737,0.0028704,-9.38E-05,0.000723123
BY60M-2_page_0085.out,85,-0.00996129,0.00125973,0.0310403,0.00296778,-8.73E-05,0.00074071
BY60M-2_page_0086.out,86,-0.0101231,0.00129263,0.0315101,0.00303627,-9.74E-05,0.000752898
BY60M-2_page_0087.out,87,-0.0102691,0.00131087,0.0319785,0.00314486,-9.72E-05,0.000762507
BY60M-2_page_0088.out,88,-0.0104193,0.00133989,0.0324638,0.00323109,-8.71E-05,0.000781628
BY60M-2_page_0089.out,89,-0.0105708,0.00136847,0.0329327,0.00331946,-9.39E-05,0.000795723
BY60M-2_page_0090.out,90,-0.0107251,0.00141087,0.0334111,0.00342373,-8.89E-05,0.000812224
BY60M-2_page_0091.out,91,-0.0108711,0.00141762,0.0338882,0.00352588,-8.87E-05,0.000820012
BY60M-2_page_0092.out,92,-0.0110312,0.00145514,0.0343721,0.00362352,-9.87E-05,0.000828642
BY60M-2_page_0093.out,93,-0.0111875,0.00149986,0.0348626,0.00372256,-9.57E-05,0.000862741
BY60M-2_page_0094.out,94,-0.0113398,0.0015228,0.0353391,0.0038387,-9.78E-05,0.00087117
BY60M-2_page_0095.out,95,-0.0114917,0.00155591,0.0358218,0.00393731,-9.80E-05,0.000867746
BY60M-2_page_0096.out,96,-0.0116555,0.00158629,0.0363153,0.00405103,-9.99E-05,0.000896805
BY60M-2_page_0097.out,97,-0.0118131,0.00161509,0.0367932,0.00416506,-0.000101358,0.000908548
BY60M-2_page_0098.out,98,-0.0119727,0.00165014,0.0372773,0.00430128,-9.47E-05,0.000918563
BY60M-2_page_0099.out,99,-0.0121133,0.00166559,0.0377725,0.00442461,-9.09E-05,0.000929365
BY60M-2_page_0100.out,100,-0.0122768,0.00171093,0.0382719,0.00453397,-0.000105695,0.000938795
BY60M-2_page_0101.out,101,-0.0124404,0.00173901,0.0387544,0.00468723,-9.36E-05,0.000959882
BY60M-2_page_0102.out,102,-0.012595,0.00177344,0.0392512,0.00481237,-9.08E-05,0.000983311
BY60M-2_page_0103.out,103,-0.0127569,0.0018139,0.0397427,0.00495778,-0.00010365,0.000988583
BY60M-2_page_0104.out,104,-0.0129197,0.00185083,0.0402391,0.00509951,-0.000103272,0.000983651
BY60M-2_page_0105.out,105,-0.0130762,0.00190513,0.0407391,0.00523638,-9.77E-05,0.0010048
BY60M-2_page_0106.out,106,-0.0132489,0.0019275,0.0412174,0.00540311,-0.000103077,0.00101519
BY60M-2_page_0107.out,107,-0.0134025,0.00197029,0.0417196,0.00556076,-0.000108538,0.00104047
BY60M-2_page_0108.out,108,-0.0135592,0.00201488,0.0422104,0.00572779,-0.000109287,0.00103658
BY60M-2_page_0109.out,109,-0.0137299,0.00205435,0.0427216,0.00587002,-0.000106879,0.0010469
BY60M-2_page_0110.out,110,-0.0139023,0.00210623,0.0432226,0.00605522,-0.000106678,0.00107678
BY60M-2_page_0111.out,111,-0.0140522,0.00214876,0.0437209,0.00621337,-0.000103145,0.00107966
BY60M-2_page_0112.out,112,-0.0142026,0.00219499,0.0442291,0.00639715,-0.000105416,0.00110251
BY60M-2_page_0113.out,113,-0.0143725,0.0022281,0.0447278,0.00658613,-0.00010935,0.00110009
BY60M-2_page_0114.out,114,-0.0145376,0.00228965,0.0452315,0.00675856,-0.000113269,0.00111814
BY60M-2_page_0115.out,115,-0.01469,0.0023301,0.045723,0.00696518,-0.000107224,0.00113024
BY60M-2_page_0116.out,116,-0.014849,0.00238234,0.0462315,0.00715574,-0.000102823,0.00114941
BY60M-2_page_0117.out,117,-0.0150059,0.00244487,0.0467391,0.00734943,-0.000106115,0.00116078
BY60M-2_page_0118.out,118,-0.0151671,0.00249451,0.0472313,0.00755775,-0.000104013,0.00117914
BY60M-2_page_0119.out,119,-0.015337,0.00256393,0.0477355,0.00775984,-0.000112468,0.00118908
BY60M-2_page_0120.out,120,-0.0155061,0.00260635,0.048227,0.00797785,-0.000108249,0.00120101
BY60M-2_page_0121.out,121,-0.0156634,0.00267044,0.0487342,0.00820287,-0.000106251,0.00121622
BY60M-2_page_0122.out,122,-0.0158251,0.00274309,0.0492188,0.0084237,-0.000100351,0.00122292
BY60M-2_page_0123.out,123,-0.0159832,0.00279721,0.0497392,0.00864637,-0.000101443,0.00124335
BY60M-2_page_0124.out,124,-0.016147,0.00286665,0.0502359,0.00887637,-0.000106122,0.00125096
BY60M-2_page_0125.out,125,-0.016312,0.00294168,0.050736,0.00910201,-0.000108617,0.00125629
BY60M-2_page_0126.out,126,-0.0164829,0.00301261,0.0512464,0.00934348,-0.00010064,0.0012884
BY60M-2_page_0127.out,127,-0.0166416,0.00308887,0.051751,0.00959245,-0.000106204,0.00129914
BY60M-2_page_0128.out,128,-0.0168044,0.00316843,0.0522599,0.00985745,-0.000114708,0.00130428
BY60M-2_page_0129.out,129,-0.0169706,0.00324099,0.0527694,0.0101045,-0.000112408,0.00130414
BY60M-2_page_0130.out,130,-0.0171431,0.00331806,0.0532867,0.0103617,-0.000106104,0.00132236
BY60M-2_page_0131.out,131,-0.0173224,0.00340782,0.0538083,0.0106418,-0.000111099,0.00133329
BY60M-2_page_0132.out,132,-0.0174993,0.00350146,0.0543358,0.0109194,-0.00011311,0.00135169
BY60M-2_page_0133.out,133,-0.0176558,0.00359892,0.0548791,0.0112195,-0.000109693,0.00137158
BY60M-2_page_0134.out,134,-0.0178524,0.0036839,0.055398,0.0115486,-0.000107467,0.0013683
BY60M-2_page_0135.out,135,-0.0180229,0.00378819,0.0559412,0.0118691,-0.000103014,0.0013842
BY60M-2_page_0136.out,136,-0.0181925,0.00389066,0.0564834,0.012203,-0.000105695,0.00141099
BY60M-2_page_0137.out,137,-0.0183668,0.00400434,0.0570291,0.0125743,-0.00010749,0.00141804
BY60M-2_page_0138.out,138,-0.0185646,0.00412181,0.0575998,0.01296,-0.000117368,0.00143223
BY60M-2_page_0139.out,139,-0.0187522,0.00425002,0.0581583,0.0133812,-0.000112671,0.00143589
BY60M-2_page_0140.out,140,-0.0189385,0.00440891,0.058743,0.0138219,-0.000114952,0.00144699
BY60M-2_page_0141.out,141,-0.0191354,0.00455732,0.0593364,0.014282,-0.000113371,0.00145513
BY60M-2_page_0142.out,142,-0.0193231,0.00471458,0.0599151,0.0147545,-0.00010417,0.00147745
BY60M-2_page_0143.out,143,-0.0195112,0.00485809,0.0604854,0.0152155,-0.00011736,0.00148249
BY60M-2_page_0144.out,144,-0.0196941,0.00501502,0.0610583,0.0156874,-0.000122308,0.00150518
BY60M-2_page_0145.out,145,-0.0198781,0.00516708,0.0616423,0.0161813,-0.000118075,0.00151923
BY60M-2_page_0146.out,146,-0.0200605,0.00532858,0.0622146,0.0166893,-0.000112141,0.00153087
BY60M-2_page_0147.out,147,-0.0202562,0.00548849,0.0628011,0.0171897,-0.000126107,0.00154558
BY60M-2_page_0148.out,148,-0.0204414,0.00565684,0.0633737,0.017701,-0.000126948,0.00155875
BY60M-2_page_0149.out,149,-0.020652,0.00581904,0.0639451,0.0182247,-0.00012802,0.00157654
BY60M-2_page_0150.out,150,-0.0208407,0.00598971,0.0645361,0.0187734,-0.000142085,0.00160087
BY60M-2_page_0151.out,151,-0.0210308,0.00620101,0.0651478,0.019411,-0.000144904,0.00162282
BY60M-2_page_0152.out,152,-0.0212321,0.00642052,0.0657742,0.0200956,-0.000146694,0.00164239
BY60M-2_page_0153.out,153,-0.0214344,0.00664086,0.0663804,0.0207763,-0.000147571,0.00166253
BY60M-2_page_0154.out,154,-0.0216338,0.00685352,0.0670127,0.0214605,-0.000148305,0.00167508
BY60M-2_page_0155.out,155,-0.0218289,0.00707196,0.067615,0.022126,-0.000148422,0.00169195
BY60M-2_page_0156.out,156,-0.0220234,0.00728017,0.0682278,0.0228288,-0.000147051,0.00171698
BY60M-2_page_0157.out,157,-0.0222145,0.00750332,0.0688466,0.0235333,-0.000143594,0.00172693
BY60M-2_page_0158.out,158,-0.0224088,0.00771198,0.0694522,0.0242737,-0.000152303,0.00173
BY60M-2_page_0159.out,159,-0.0225967,0.00791775,0.0700767,0.0249928,-0.000149471,0.00175026
BY60M-2_page_0160.out,160,-0.0227845,0.00814533,0.0706813,0.0257305,-0.000149123,0.00176204
BY60M-2_page_0161.out,161,-0.0229929,0.00836691,0.0712881,0.0264844,-0.000141988,0.00178942
BY60M-2_page_0162.out,162,-0.0231762,0.00859231,0.0719015,0.0272292,-0.000124703,0.00179048
BY60M-2_page_0163.out,163,-0.0233666,0.00882501,0.0725303,0.0280422,-0.000117941,0.00180431
BY60M-2_page_0164.out,164,-0.0235631,0.0090606,0.0731568,0.0288856,-0.000120972,0.00182836
BY60M-2_page_0165.out,165,-0.0237484,0.00928954,0.0737627,0.0297183,-0.000107252,0.00184379
BY60M-2_page_0166.out,166,-0.0239298,0.00952806,0.0743856,0.030573,-0.000104992,0.00186069
BY60M-2_page_0167.out,167,-0.0241146,0.00976481,0.0750011,0.031458,-9.48E-05,0.0018822
BY60M-2_page_0168.out,168,-0.0242896,0.00998845,0.0756268,0.0323482,-7.40E-05,0.0018915
BY60M-2_page_0169.out,169,-0.0244779,0.0102244,0.0762589,0.033267,-5.18E-05,0.00190923
BY60M-2_page_0170.out,170,-0.0246378,0.0104609,0.0768884,0.0341898,-3.67E-05,0.00193034
BY60M-2_page_0171.out,171,-0.0248276,0.0107046,0.0774929,0.0351297,-1.59E-05,0.00194721
BY60M-2_page_0172.out,172,-0.0250039,0.0109425,0.0781147,0.0360828,5.69E-06,0.00196939
BY60M-2_page_0173.out,173,-0.0251759,0.0111755,0.0787251,0.0370476,2.58E-05,0.0019924
BY60M-2_page_0174.out,174,-0.0253413,0.0114057,0.0793198,0.0379985,5.12E-05,0.00201195
BY60M-2_page_0175.out,175,-0.0255048,0.0116321,0.0799118,0.0389459,7.36E-05,0.00205132
BY60M-2_page_0176.out,176,-0.0256641,0.0118474,0.0804812,0.0398811,0.000103107,0.00207801
BY60M-2_page_0177.out,177,-0.0258096,0.0120737,0.0810567,0.0408127,0.000124172,0.00211479
BY60M-2_page_0178.out,178,-0.025952,0.0122952,0.0816381,0.0417565,0.000151202,0.00216153
BY60M-2_page_0179.out,179,-0.0261038,0.0124964,0.0822031,0.042701,0.000175653,0.00219329
BY60M-2_page_0180.out,180,-0.0262496,0.0127236,0.0827893,0.0436808,0.000211803,0.00223249
BY60M-2_page_0181.out,181,-0.0263988,0.0129328,0.0833576,0.0446657,0.00022851,0.00227782
BY60M-2_page_0182.out,182,-0.0265323,0.0131334,0.0839305,0.0456647,0.000262218,0.00233151
BY60M-2_page_0183.out,183,-0.0266736,0.0133396,0.0845024,0.0466942,0.000292003,0.00239185
BY60M-2_page_0184.out,184,-0.0268313,0.0135567,0.0850759,0.0477213,0.000317906,0.00244242
BY60M-2_page_0185.out,185,-0.026968,0.0137629,0.085661,0.0487695,0.000363858,0.00250973
BY60M-2_page_0186.out,186,-0.0270973,0.0139552,0.086213,0.0497729,0.000404419,0.00257512
BY60M-2_page_0187.out,187,-0.0272219,0.0141401,0.0867578,0.0507864,0.000440494,0.00264559
BY60M-2_page_0188.out,188,-0.0273536,0.014315,0.0872886,0.0517945,0.00048043,0.00272912
BY60M-2_page_0189.out,189,-0.0274663,0.014508,0.087827,0.0527889,0.000517427,0.00280534
BY60M-2_page_0190.out,190,-0.0275934,0.0146878,0.0883549,0.0537834,0.000561653,0.0028911
BY60M-2_page_0191.out,191,-0.0277137,0.0148604,0.0888971,0.0547672,0.0006025,0.00297436
BY60M-2_page_0192.out,192,-0.0278285,0.0150333,0.0894299,0.055774,0.000653063,0.00307616
BY60M-2_page_0193.out,193,-0.0279261,0.0151935,0.0899384,0.0567703,0.000692466,0.00317429
BY60M-2_page_0194.out,194,-0.0280347,0.0153397,0.0904608,0.0577613,0.000741309,0.00327293
BY60M-2_page_0195.out,195,-0.0281332,0.0155126,0.0909769,0.0587489,0.000782618,0.00337046
BY60M-2_page_0196.out,196,-0.0282459,0.0156864,0.0914865,0.0597461,0.000830341,0.00347286
BY60M-2_page_0197.out,197,-0.0283543,0.0158446,0.092011,0.0607842,0.000876188,0.0035898
BY60M-2_page_0198.out,198,-0.0284609,0.0160008,0.0925483,0.0618047,0.000920876,0.00369109
BY60M-2_page_0199.out,199,-0.0285637,0.0161538,0.0930773,0.0628445,0.000980537,0.00380923
BY60M-2_page_0200.out,200,-0.0286591,0.0163242,0.0936148,0.0639284,0.0010264,0.00392838
BY60M-2_page_0201.out,201,-0.0287458,0.0164813,0.094152,0.0650235,0.00107975,0.00406403
BY60M-2_page_0202.out,202,-0.02885,0.0166315,0.0946869,0.0660959,0.00114013,0.0041965
BY60M-2_page_0203.out,203,-0.0289586,0.0167875,0.0952211,0.0671877,0.00119132,0.00433881
BY60M-2_page_0204.out,204,-0.0290543,0.0169289,0.0957394,0.0682363,0.00125283,0.00447322
BY60M-2_page_0205.out,205,-0.0291498,0.0170705,0.0962447,0.069253,0.00130577,0.0046166
BY60M-2_page_0206.out,206,-0.0292301,0.0172009,0.096723,0.0702478,0.0013614,0.00474217
BY60M-2_page_0207.out,207,-0.0293093,0.0173246,0.0971866,0.071228,0.00141409,0.00489605
BY60M-2_page_0208.out,208,-0.0293858,0.0174527,0.0976614,0.0721845,0.00147099,0.00503168
BY60M-2_page_0209.out,209,-0.029471,0.0175711,0.0980987,0.0731267,0.00152144,0.00516001
BY60M-2_page_0210.out,210,-0.029533,0.0176863,0.0985509,0.0740454,0.00158478,0.00529681
BY60M-2_page_0211.out,211,-0.0295982,0.0177929,0.0989572,0.0749287,0.00163826,0.00542394
BY60M-2_page_0212.out,212,-0.0296499,0.0178806,0.0993537,0.07577,0.00169172,0.00555682
BY60M-2_page_0213.out,213,-0.0297026,0.0179888,0.0997361,0.0765785,0.00173802,0.00567637
BY60M-2_page_0214.out,214,-0.029768,0.0180719,0.100131,0.0773836,0.00178446,0.00580839
BY60M-2_page_0215.out,215,-0.029826,0.0181766,0.100505,0.0782006,0.00182196,0.00590816
BY60M-2_page_0216.out,216,-0.0298792,0.0182625,0.10085,0.0789643,0.00187375,0.00602596
BY60M-2_page_0217.out,217,-0.0299355,0.0183514,0.101185,0.0796855,0.0019227,0.00615262
BY60M-2_page_0218.out,218,-0.0299653,0.0184399,0.101468,0.0803552,0.00196462,0.00625097
BY60M-2_page_0219.out,219,-0.0300061,0.0185137,0.101728,0.0809623,0.00200283,0.00634046
BY60M-2_page_0220.out,220,-0.0300381,0.0185718,0.101979,0.0815562,0.00203871,0.00644075
BY60M-2_page_0221.out,221,-0.0300632,0.018638,0.102208,0.0820978,0.00208286,0.00653405
BY60M-2_page_0222.out,222,-0.0300811,0.0186884,0.102421,0.0826103,0.00212815,0.00661681
BY60M-2_page_0223.out,223,-0.0301117,0.0187524,0.102615,0.0830976,0.00215773,0.0066907
BY60M-2_page_0224.out,224,-0.0301414,0.0188072,0.102816,0.0835586,0.00218088,0.00676853
BY60M-2_page_0225.out,225,-0.030173,0.0188591,0.102997,0.0840007,0.00221233,0.00683923
BY60M-2_page_0226.out,226,-0.0301883,0.0189218,0.103157,0.0844336,0.0022447,0.00690818
BY60M-2_page_0227.out,227,-0.0302082,0.0189507,0.10332,0.0848316,0.00228124,0.00697889
BY60M-2_page_0228.out,228,-0.0302233,0.0189852,0.103475,0.0852097,0.00229689,0.00704251
BY60M-2_page_0229.out,229,-0.0302406,0.01904,0.103617,0.0855702,0.00232168,0.0070977
BY60M-2_page_0230.out,230,-0.0302625,0.019083,0.103761,0.085956,0.00235665,0.00715588
BY60M-2_page_0231.out,231,-0.0302787,0.0191307,0.103888,0.0863047,0.00238047,0.00721064
BY60M-2_page_0232.out,232,-0.0302975,0.0191682,0.104006,0.0866391,0.00239065,0.0072742
BY60M-2_page_0233.out,233,-0.0303069,0.0192014,0.104123,0.0869396,0.00242051,0.00731742
BY60M-2_page_0234.out,234,-0.0303194,0.0192293,0.104239,0.0872494,0.00244501,0.00737477
BY60M-2_page_0235.out,235,-0.0303212,0.0192736,0.104341,0.0875247,0.00245772,0.00741674
BY60M-2_page_0236.out,236,-0.0303293,0.0193119,0.104434,0.0877974,0.00248196,0.00746463
BY60M-2_page_0237.out,237,-0.0303231,0.0193387,0.104513,0.0880352,0.00250955,0.00749995
BY60M-2_page_0238.out,238,-0.0303371,0.019367,0.104551,0.0882482,0.00251556,0.00755465
BY60M-2_page_0239.out,239,-0.0303384,0.0193807,0.104617,0.0884594,0.00253922,0.00758347
BY60M-2_page_0240.out,240,-0.0303441,0.0194105,0.104669,0.0886643,0.0025597,0.00761651
BY60M-2_page_0241.out,241,-0.030339,0.0194311,0.104716,0.0888396,0.00257643,0.0076536
BY60M-2_page_0242.out,242,-0.0303496,0.0194523,0.104754,0.0890333,0.00259945,0.00769056
BY60M-2_page_0243.out,243,-0.0303469,0.019478,0.104799,0.0892122,0.00261501,0.00770446
BY60M-2_page_0244.out,244,-0.0303352,0.0195121,0.104843,0.0893474,0.00262645,0.00773338
BY60M-2_page_0245.out,245,-0.0303384,0.0195246,0.104871,0.0895117,0.00263684,0.00775916
BY60M-2_page_0246.out,246,-0.0303316,0.0195543,0.104892,0.0896597,0.00264891,0.00778645
BY60M-2_page_0247.out,247,-0.0303312,0.0195625,0.104903,0.0897952,0.00266701,0.00781622
BY60M-2_page_0248.out,248,-0.0303251,0.0195939,0.104912,0.0899011,0.00267537,0.00782149
BY60M-2_page_0249.out,249,-0.0303219,0.0195872,0.104937,0.0900518,0.00268938,0.00787102
BY60M-2_page_0250.out,250,-0.0303074,0.0196086,0.10495,0.0901758,0.00271465,0.00788185
BY60M-2_page_0251.out,251,-0.0303199,0.0196389,0.104945,0.0902638,0.00272172,0.00788644
BY60M-2_page_0252.out,252,-0.0302995,0.0196442,0.104925,0.0903631,0.00273771,0.00791686
BY60M-2_page_0253.out,253,-0.0302795,0.0196432,0.104895,0.0904442,0.00274632,0.00793242
BY60M-2_page_0254.out,254,-0.0302596,0.0196603,0.104854,0.0905025,0.00275814,0.00794609
BY60M-2_page_0255.out,255,-0.0302433,0.0196804,0.104803,0.0905592,0.00276973,0.00795037
BY60M-2_page_0256.out,256,-0.0302187,0.0196801,0.104769,0.0906062,0.00279239,0.00796616
BY60M-2_page_0257.out,257,-0.0301953,0.0196949,0.104723,0.0906398,0.00278767,0.00797541
BY60M-2_page_0258.out,258,-0.0301798,0.0197076,0.104676,0.0906837,0.00279861,0.00797561
BY60M-2_page_0259.out,259,-0.0301737,0.0196998,0.104617,0.0907197,0.00281538,0.00798798
BY60M-2_page_0260.out,260,-0.0301502,0.0197026,0.104567,0.0907623,0.00282086,0.00800153
BY60M-2_page_0261.out,261,-0.0301349,0.019716,0.104483,0.0907793,0.00282763,0.00799877
BY60M-2_page_0262.out,262,-0.0301074,0.0197207,0.104409,0.090796,0.00284381,0.00800022
BY60M-2_page_0263.out,263,-0.0300855,0.0197244,0.104333,0.0908027,0.00284641,0.00801831
BY60M-2_page_0264.out,264,-0.0300645,0.0197349,0.104305,0.0908531,0.00285234,0.00802329
BY60M-2_page_0265.out,265,-0.030047,0.0197491,0.104263,0.0909118,0.00286867,0.00804176
BY60M-2_page_0266.out,266,-0.0300348,0.0197434,0.104226,0.0909598,0.00288499,0.0080475
BY60M-2_page_0267.out,267,-0.0300105,0.0197577,0.104192,0.0910096,0.00288626,0.00805669
BY60M-2_page_0268.out,268,-0.0300061,0.0197682,0.104145,0.0910398,0.0028927,0.00804707
BY60M-2_page_0269.out,269,-0.0299944,0.0197655,0.104119,0.0910778,0.0029136,0.00805997
BY60M-2_page_0270.out,270,-0.0299863,0.019779,0.104076,0.0911158,0.00291208,0.00806556
BY60M-2_page_0271.out,271,-0.0299804,0.0197867,0.104045,0.0911576,0.0029135,0.00807944
BY60M-2_page_0272.out,272,-0.0299552,0.01982,0.103993,0.0911779,0.00293009,0.00808351
BY60M-2_page_0273.out,273,-0.0299306,0.0198207,0.103955,0.0912223,0.00294484,0.00809624
BY60M-2_page_0274.out,274,-0.0299069,0.0198291,0.103872,0.0912278,0.00295264,0.00808466
BY60M-2_page_0275.out,275,-0.0298889,0.0198478,0.103767,0.0912112,0.00296499,0.00808845
BY60M-2_page_0276.out,276,-0.029867,0.0198356,0.103626,0.0911971,0.00296659,0.00807887
BY60M-2_page_0277.out,277,-0.0297989,0.0198389,0.103428,0.0911113,0.00295632,0.00807774
BY60M-2_page_0278.out,278,-0.0297023,0.0198211,0.10316,0.0910328,0.00295418,0.00806219
BY60M-2_page_0279.out,279,-0.0296324,0.0198234,0.102868,0.0908976,0.00294239,0.0080428
BY60M-2_page_0280.out,280,-0.0295475,0.0198243,0.102612,0.0907911,0.0029441,0.00802318
BY60M-2_page_0281.out,281,-0.029484,0.0197995,0.102394,0.0907295,0.00295197,0.00801518
BY60M-2_page_0282.out,282,-0.0294361,0.0198071,0.102132,0.0906216,0.00294015,0.00799263
BY60M-2_page_0283.out,283,-0.0293093,0.0197953,0.101764,0.0904745,0.00293291,0.00796352
BY60M-2_page_0284.out,284,-0.0291902,0.0197718,0.101304,0.0902441,0.00290958,0.00791672
BY60M-2_page_0285.out,285,-0.0290438,0.0197521,0.100788,0.0900121,0.00287687,0.00787119
BY60M-2_page_0286.out,286,-0.0288541,0.0197364,0.100069,0.0896481,0.00285545,0.0078074
BY60M-2_page_0287.out,287,-0.0285732,0.019694,0.0990526,0.0891431,0.0028055,0.00772576
BY60M-2_page_0288.out,288,-0.0283047,0.0196466,0.0980457,0.0886396,0.0027736,0.0076462
BY60M-2_page_0289.out,289,-0.0280727,0.0196201,0.0972998,0.0882984,0.00273763,0.00758353
BY60M-2_page_0290.out,290,-0.0278999,0.0195922,0.0966085,0.087983,0.00272217,0.00753338
BY60M-2_page_0291.out,291,-0.0277681,0.0195637,0.0961724,0.0877998,0.00271326,0.00748223
BY60M-2_page_0292.out,292,-0.0276676,0.0195643,0.0958564,0.0877078,0.00270489,0.00746457
BY60M-2_page_0293.out,293,-0.0275752,0.0195876,0.0956138,0.0876375,0.00270338,0.00744907
BY60M-2_page_0294.out,294,-0.0275444,0.0195939,0.0954344,0.0876074,0.00270591,0.0074387
BY60M-2_page_0295.out,295,-0.0275085,0.0195988,0.095285,0.0876015,0.00271699,0.0074325
BY60M-2_page_0296.out,296,-0.0274451,0.0196089,0.0951597,0.0875922,0.00271106,0.00742204
BY60M-2_page_0297.out,297,-0.027413,0.0196167,0.0950596,0.0875906,0.00272161,0.0074216
BY60M-2_page_0298.out,298,-0.027393,0.0196294,0.0949391,0.0875794,0.00272941,0.00741003
BY60M-2_page_0299.out,299,-0.0273553,0.019638,0.0948163,0.087586,0.00274424,0.00742069
BY60M-2_page_0300.out,300,-0.0273117,0.0196365,0.0946712,0.0875781,0.00273745,0.00741083
BY60M-2_page_0301.out,301,-0.0272674,0.0196353,0.0945104,0.0875415,0.00274799,0.0073935
BY60M-2_page_0302.out,302,-0.027189,0.0196519,0.0943002,0.0874827,0.00274636,0.00738432
BY60M-2_page_0303.out,303,-0.0271337,0.019647,0.0940314,0.0873811,0.00273834,0.00735944
BY60M-2_page_0304.out,304,-0.0270412,0.0196443,0.0937533,0.0872767,0.00273632,0.00734749
BY60M-2_page_0305.out,305,-0.0269833,0.0196385,0.0935012,0.0871867,0.00274615,0.00732192
BY60M-2_page_0306.out,306,-0.0269038,0.0196479,0.0932513,0.0870994,0.00273461,0.0072994
BY60M-2_page_0307.out,307,-0.0268318,0.0196408,0.0930067,0.087008,0.00272789,0.00727942
BY60M-2_page_0308.out,308,-0.0267637,0.0196454,0.0927616,0.0868995,0.00272678,0.00725607
BY60M-2_page_0309.out,309,-0.0266856,0.0196343,0.0924872,0.0868018,0.00273106,0.0072328
BY60M-2_page_0310.out,310,-0.026595,0.0196335,0.092178,0.0866712,0.00272205,0.00720613
BY60M-2_page_0311.out,311,-0.0264883,0.0196157,0.0917809,0.0864997,0.00272539,0.00717812
BY60M-2_page_0312.out,312,-0.0263431,0.0196021,0.0912931,0.0862719,0.00270703,0.0071222
BY60M-2_page_0313.out,313,-0.0261899,0.0195931,0.090725,0.0860066,0.00268461,0.00708153
BY60M-2_page_0314.out,314,-0.026056,0.019587,0.0902415,0.0857377,0.00267295,0.00702474
BY60M-2_page_0315.out,315,-0.0259284,0.0195697,0.0898079,0.0855483,0.0026568,0.00698491
BY60M-2_page_0316.out,316,-0.0258255,0.0195477,0.0894399,0.0853701,0.00265001,0.00695739
BY60M-2_page_0317.out,317,-0.0257476,0.01956,0.089106,0.0852336,0.00263959,0.0069263
BY60M-2_page_0318.out,318,-0.0256747,0.0195607,0.0888477,0.0851465,0.0026399,0.00691031
BY60M-2_page_0319.out,319,-0.0256039,0.0195607,0.0886323,0.0851052,0.00264551,0.00689315
BY60M-2_page_0320.out,320,-0.0255591,0.0195569,0.088468,0.0850446,0.00265339,0.00688325
BY60M-2_page_0321.out,321,-0.0255195,0.0195749,0.08834,0.0850511,0.00265208,0.00689743
BY60M-2_page_0322.out,322,-0.0254997,0.0195874,0.0882385,0.0850608,0.00266096,0.00687754
BY60M-2_page_0323.out,323,-0.0254523,0.0195978,0.0881067,0.085045,0.00266333,0.00688518
BY60M-2_page_0324.out,324,-0.0254104,0.0195876,0.0879927,0.0850432,0.00265477,0.00688248
BY60M-2_page_0325.out,325,-0.0253907,0.0196148,0.0878636,0.0850137,0.00266372,0.00686525
BY60M-2_page_0326.out,326,-0.0253415,0.0196083,0.087724,0.0850194,0.00267861,0.00687254
BY60M-2_page_0327.out,327,-0.0253159,0.0196313,0.0875665,0.0849718,0.00266558,0.00685237
BY60M-2_page_0328.out,328,-0.0252309,0.0196341,0.0873836,0.0849356,0.00268296,0.00685651
BY60M-2_page_0329.out,329,-0.0251801,0.0196423,0.0871563,0.0848728,0.00268369,0.00683148
BY60M-2_page_0330.out,330,-0.0251018,0.0196331,0.0869204,0.0847979,0.00268037,0.00682568
BY60M-2_page_0331.out,331,-0.0250243,0.019619,0.086601,0.084648,0.00268772,0.00679648
BY60M-2_page_0332.out,332,-0.0249441,0.0196408,0.0862861,0.0845295,0.00266994,0.00676651
BY60M-2_page_0333.out,333,-0.0248277,0.0196157,0.0858951,0.0843108,0.00267181,0.00672913
BY60M-2_page_0334.out,334,-0.0246989,0.0196008,0.0854686,0.0841038,0.00265551,0.00670071
BY60M-2_page_0335.out,335,-0.0245708,0.0195941,0.0849788,0.0838291,0.00263755,0.00665792
BY60M-2_page_0336.out,336,-0.0244319,0.0195684,0.0844659,0.0835384,0.0026314,0.00661366
BY60M-2_page_0337.out,337,-0.02429,0.0195271,0.0839546,0.0832314,0.00260677,0.00655652
BY60M-2_page_0338.out,338,-0.0241712,0.0194953,0.0835235,0.0829319,0.00259979,0.0065115
BY60M-2_page_0339.out,339,-0.0240592,0.0194878,0.0831164,0.0827333,0.00258211,0.00645853
BY60M-2_page_0340.out,340,-0.0239753,0.0194778,0.0827816,0.0825163,0.00258761,0.00644079
BY60M-2_page_0341.out,341,-0.0238613,0.0194542,0.0823748,0.0822798,0.00257722,0.00639373
BY60M-2_page_0342.out,342,-0.0237402,0.0194349,0.081999,0.0820045,0.00256059,0.00635087
BY60M-2_page_0343.out,343,-0.0236187,0.0194308,0.0815537,0.0817469,0.00255772,0.00631392
BY60M-2_page_0344.out,344,-0.023477,0.0193853,0.0811064,0.0814412,0.00253764,0.00625794
BY60M-2_page_0345.out,345,-0.023372,0.0193757,0.0806765,0.0811395,0.00252964,0.00622533
BY60M-2_page_0346.out,346,-0.0232661,0.0193364,0.0803019,0.0808523,0.00251782,0.00616453
BY60M-2_page_0347.out,347,-0.0231668,0.0193391,0.0799387,0.0806331,0.00250257,0.00614338
BY60M-2_page_0348.out,348,-0.0230528,0.0192971,0.0795761,0.0804067,0.00249953,0.00611747
BY60M-2_page_0349.out,349,-0.0229654,0.0192832,0.0792329,0.0802088,0.00248612,0.00607304
BY60M-2_page_0350.out,350,-0.022884,0.0192732,0.0788584,0.0799529,0.00247953,0.00602816
BY60M-2_page_0351.out,351,-0.0227825,0.0192561,0.0785329,0.0797556,0.00247846,0.00599503
BY60M-2_page_0352.out,352,-0.0226783,0.0192297,0.0781857,0.0795074,0.00247084,0.0059566
BY60M-2_page_0353.out,353,-0.0225983,0.0192159,0.0778268,0.0792673,0.00246528,0.00592559
BY60M-2_page_0354.out,354,-0.0224987,0.0191985,0.0774602,0.0790042,0.00245767,0.00589353
BY60M-2_page_0355.out,355,-0.0223801,0.0191665,0.0770191,0.0786745,0.00245098,0.00584118
BY60M-2_page_0356.out,356,-0.0222533,0.0191324,0.0766369,0.0783691,0.00242448,0.00578153
BY60M-2_page_0357.out,357,-0.0221629,0.0190907,0.0762806,0.0780836,0.00242054,0.0057724
BY60M-2_page_0358.out,358,-0.0220791,0.0190614,0.0758862,0.0777578,0.00239245,0.00571744
BY60M-2_page_0359.out,359,-0.0219661,0.0190196,0.0755051,0.0774127,0.00238156,0.00567595
BY60M-2_page_0360.out,360,-0.0218714,0.0189853,0.0751285,0.0771065,0.00237311,0.00562609
BY60M-2_page_0361.out,361,-0.0217759,0.0189525,0.0747651,0.0767994,0.00235347,0.00557984
BY60M-2_page_0362.out,362,-0.0216681,0.0188944,0.0743671,0.0764431,0.00233978,0.00553305
BY60M-2_page_0363.out,363,-0.0215616,0.0188559,0.073967,0.076076,0.00232061,0.00548867
BY60M-2_page_0364.out,364,-0.0214405,0.0188,0.0735106,0.0756438,0.00229629,0.0054192
BY60M-2_page_0365.out,365,-0.0213194,0.0187381,0.0730349,0.0751854,0.00226488,0.0053632
BY60M-2_page_0366.out,366,-0.0211886,0.0186662,0.072493,0.0746612,0.00223463,0.00529366
BY60M-2_page_0367.out,367,-0.021045,0.0185854,0.071977,0.0741018,0.00221872,0.0052195
BY60M-2_page_0368.out,368,-0.0209064,0.0184997,0.0713802,0.0734549,0.00218094,0.00513458
BY60M-2_page_0369.out,369,-0.0207136,0.0183796,0.0706316,0.0727061,0.00213204,0.00503454
BY60M-2_page_0370.out,370,-0.0205326,0.0182644,0.0699715,0.0719869,0.00209246,0.00493937
BY60M-2_page_0371.out,371,-0.0203751,0.0181798,0.0693605,0.071315,0.00206237,0.0048587
BY60M-2_page_0372.out,372,-0.020219,0.0180801,0.0687798,0.0706728,0.00202956,0.00477537
BY60M-2_page_0373.out,373,-0.020075,0.0179685,0.0681515,0.0699741,0.00198593,0.00469184
BY60M-2_page_0374.out,374,-0.0199214,0.017868,0.067601,0.0693823,0.00196723,0.00461897
BY60M-2_page_0375.out,375,-0.0198126,0.0177819,0.0671477,0.0688682,0.0019411,0.00456064
BY60M-2_page_0376.out,376,-0.0196872,0.0176908,0.0666524,0.0682955,0.00191495,0.00449725
BY60M-2_page_0377.out,377,-0.0195525,0.0175797,0.0660731,0.0676305,0.00188625,0.00441316
BY60M-2_page_0378.out,378,-0.0194144,0.0174818,0.0655349,0.0670253,0.00185557,0.0043306
BY60M-2_page_0379.out,379,-0.0192765,0.0173651,0.0649984,0.066411,0.00182482,0.00427605
BY60M-2_page_0380.out,380,-0.0191374,0.0172376,0.0644663,0.0657776,0.00180649,0.00419578
BY60M-2_page_0381.out,381,-0.0189808,0.0171143,0.0638726,0.0650413,0.00177152,0.00411756
BY60M-2_page_0382.out,382,-0.0187169,0.0168662,0.0628772,0.0638071,0.00173375,0.00401132
BY60M-2_page_0383.out,383,-0.0143398,0.0157907,0.0518067,0.0600541,0.00355936,0.00910901
BY60M-2_page_0384.out,384,0.1059,0.205617,0.234235,0.79627,0.00887134,0.103821
BY60M-2_page_0385.out,385,0.202164,0.294899,0.352814,0.981812,0.00317923,0.1965
BY60M-2_page_0386.out,386,0.241111,0.211558,0.187999,1.01728,0.0239787,0.16316
BY60M-2_page_0387.out,387,1.41428,0.545796,-0.218402,0.0631881,-0.24847,0.104637
BY60M-2_page_0388.out,388,0,0,0,0,0,0
BY60M-2_page_0389.out,389,0,0,0,0,0,0
BY60M-2_page_0390.out,390,0,0,0,0,0,0
BY60M-2_page_0391.out,391,0,0,0,0,0,0
BY60M-2_page_0392.out,392,0,0,0,0,0,0
BY60M-2_page_0393.out,393,0,0,0,0,0,0
BY60M-2_page_0394.out,394,0,0,0,0,0,0
BY60M-2_page_0395.out,395,0,0,0,0,0,0
BY60M-2_page_0396.out,396,0,0,0,0,0,0
BY60M-2_page_0397.out,397,0,0,0,0,0,0
BY60M-2_page_0398.out,398,0,0,0,0,0,0
BY60M-2_page_0399.out,399,0,0,0,0,0,0
BY60M-2_page_0400.out,400,0,0,0,0,0,0
BY60M-2_page_0401.out,401,0,0,0,0,0,0
BY60M-2_page_0402.out,402,0,0,0,0,0,0
BY60M-2_page_0403.out,403,0,0,0,0,0,0
BY60M-2_page_0404.out,404,0,0,0,0,0,0
BY60M-2_page_0405.out,405,0,0,0,0,0,0
BY60M-2_page_0406.out,406,0,0,0,0,0,0
BY60M-2_page_0407.out,407,0,0,0,0,0,0
BY60M-2_page_0408.out,408,0,0,0,0,0,0
BY60M-2_page_0409.out,409,0,0,0,0,0,0
BY60M-2_page_0410.out,410,0,0,0,0,0,0
BY60M-2_page_0411.out,411,0,0,0,0,0,0
BY60M-2_page_0412.out,412,0,0,0,0,0,0
BY60M-2_page_0413.out,413,0,0,0,0,0,0
BY60M-2_page_0414.out,414,0,0,0,0,0,0
BY60M-2_page_0415.out,415,0,0,0,0,0,0
BY60M-2_page_0416.out,416,0,0,0,0,0,0
BY60M-2_page_0417.out,417,0,0,0,0,0,0
BY60M-2_page_0418.out,418,0,0,0,0,0,0
BY60M-2_page_0419.out,419,0,0,0,0,0,0
BY60M-2_page_0420.out,420,0,0,0,0,0,0
BY60M-2_page_0421.out,421,0,0,0,0,0,0
BY60M-2_page_0422.out,422,0,0,0,0,0,0
BY60M-2_page_0423.out,423,0,0,0,0,0,0
