Filename,mean(exx),stdev(exx),mean(eyy),stdev(eyy),mean(exy),stdev(exy)
BY60C-9_page_0030.out,-5.40E-17,2.64E-17,-4.34E-17,2.99E-17,6.08E-19,2.79E-17
BY60C-9_page_0031.out,-7.07E-05,0.000111064,0.000215024,0.000114328,-1.31E-05,7.70E-05
BY60C-9_page_0032.out,-0.000139246,0.000126695,0.000460596,0.000121312,-5.68E-06,8.85E-05
BY60C-9_page_0033.out,-0.000207409,0.000137472,0.000676542,0.000103933,-1.30E-05,8.30E-05
BY60C-9_page_0034.out,-0.000153344,0.000132292,0.000470795,0.000135174,-1.67E-05,8.00E-05
BY60C-9_page_0035.out,-7.71E-05,0.000127647,0.000205902,0.000131272,-1.69E-05,9.59E-05
BY60C-9_page_0036.out,1.04E-05,0.00010319,-5.11E-05,9.61E-05,-7.13E-06,8.45E-05
BY60C-9_page_0037.out,7.15E-05,0.000129662,-0.000309228,0.000131606,-2.19E-05,9.42E-05
BY60C-9_page_0038.out,0.00017952,0.000118306,-0.000592635,0.000150668,-2.28E-05,8.60E-05
BY60C-9_page_0039.out,0.000241015,0.000120261,-0.000833521,0.000134874,1.10E-06,8.93E-05
BY60C-9_page_0040.out,0.000347868,0.000113703,-0.00108917,0.000118242,-1.91E-05,7.90E-05
BY60C-9_page_0041.out,0.000424556,0.000146734,-0.00135686,0.00017719,2.39E-06,8.60E-05
BY60C-9_page_0042.out,0.000494931,0.000166371,-0.00161768,0.000173099,9.16E-07,0.00011352
BY60C-9_page_0043.out,0.000600519,0.000142702,-0.00186652,0.000170703,7.22E-06,8.77E-05
BY60C-9_page_0044.out,0.000644105,0.000165391,-0.00211701,0.000201476,-1.95E-05,0.00011031
BY60C-9_page_0045.out,0.000611858,0.000159171,-0.00190317,0.000195062,-7.63E-06,8.14E-05
BY60C-9_page_0046.out,0.000517842,0.000150274,-0.00167365,0.000177791,-9.46E-06,8.34E-05
BY60C-9_page_0047.out,0.000438415,0.000151457,-0.00145227,0.000208576,-1.46E-06,8.14E-05
BY60C-9_page_0048.out,0.000369903,0.000139422,-0.00119826,0.000199786,-1.62E-05,9.43E-05
BY60C-9_page_0049.out,0.000281141,0.000142722,-0.000940387,0.000189983,-1.42E-05,8.63E-05
BY60C-9_page_0050.out,0.000190425,0.000135382,-0.00068602,0.000190907,-1.43E-05,0.000100593
BY60C-9_page_0051.out,0.000109961,0.000140578,-0.000426826,0.000165583,-1.38E-05,6.44E-05
BY60C-9_page_0052.out,1.53E-05,0.000133917,-0.000164899,0.00017734,-1.57E-05,7.36E-05
BY60C-9_page_0053.out,-4.02E-05,0.000110579,7.90E-05,0.000203611,-7.33E-06,9.17E-05
BY60C-9_page_0054.out,-0.00015129,0.000123632,0.000345277,0.00019193,-1.82E-05,8.75E-05
BY60C-9_page_0055.out,-0.000226049,0.000125446,0.000605395,0.00018295,-7.88E-06,9.77E-05
BY60C-9_page_0056.out,-0.000304228,0.000161331,0.000874703,0.000195125,-1.98E-05,0.000117138
BY60C-9_page_0057.out,-0.000410752,0.00014859,0.00112974,0.000176205,-2.08E-05,0.000108667
BY60C-9_page_0058.out,-0.000478702,0.000153943,0.0013649,0.000232573,-2.16E-05,0.0001185
BY60C-9_page_0059.out,-0.000584824,0.000145112,0.00165814,0.000200259,-3.18E-05,0.000115964
BY60C-9_page_0060.out,-0.000673209,0.000159395,0.00193107,0.000221115,-3.66E-05,0.000112271
BY60C-9_page_0061.out,-0.000744748,0.000134688,0.00220814,0.000221572,-4.41E-05,0.000119867
BY60C-9_page_0062.out,-0.000782959,0.000173575,0.0023708,0.000196468,-3.57E-05,0.000105643
BY60C-9_page_0063.out,-0.000704896,0.000143959,0.00210744,0.000217957,-3.72E-05,0.000121608
BY60C-9_page_0064.out,-0.000618807,0.000148232,0.00185456,0.000207317,-4.03E-05,0.000118175
BY60C-9_page_0065.out,-0.000550854,0.000138347,0.00158353,0.000215691,-2.57E-05,0.000107362
BY60C-9_page_0066.out,-0.000475383,0.000162236,0.00131813,0.000209058,-7.02E-06,0.000106431
BY60C-9_page_0067.out,-0.000387069,0.000157814,0.00105435,0.000211901,-2.70E-05,0.000109932
BY60C-9_page_0068.out,-0.000301376,0.000156821,0.000788631,0.000189012,-1.30E-05,0.000118866
BY60C-9_page_0069.out,-0.000208692,0.000133599,0.000524856,0.000173987,-1.85E-05,0.000105092
BY60C-9_page_0070.out,-0.000108638,0.000145674,0.000244877,0.000198445,-2.14E-05,0.000110428
BY60C-9_page_0071.out,-3.98E-05,0.000138385,-2.97E-05,0.000186208,-1.59E-05,0.000109926
BY60C-9_page_0072.out,7.86E-05,0.000138281,-0.000297706,0.000204647,-4.26E-06,0.000117471
BY60C-9_page_0073.out,0.000151353,0.000109934,-0.000568139,0.000183718,-2.81E-06,0.000100078
BY60C-9_page_0074.out,0.000228675,0.000132339,-0.000845302,0.000202868,-5.94E-06,9.87E-05
BY60C-9_page_0075.out,0.000324749,0.000128778,-0.00111162,0.000198908,6.73E-06,8.49E-05
BY60C-9_page_0076.out,0.000420607,0.000159602,-0.00138187,0.000219611,-6.68E-06,8.46E-05
BY60C-9_page_0077.out,0.000496972,0.000178369,-0.00165189,0.000223219,1.87E-06,8.67E-05
BY60C-9_page_0078.out,0.000511442,0.000190321,-0.0016728,0.000207493,6.28E-06,9.38E-05
BY60C-9_page_0079.out,0.000433897,0.000193571,-0.00141091,0.000222278,-4.15E-06,9.88E-05
BY60C-9_page_0080.out,0.000348275,0.000144884,-0.00117274,0.00022134,-5.26E-06,0.000102735
BY60C-9_page_0081.out,0.000255205,0.000166039,-0.000916606,0.000198309,-1.76E-05,9.07E-05
BY60C-9_page_0082.out,0.000200866,0.000141685,-0.000657639,0.00020614,5.66E-07,8.08E-05
BY60C-9_page_0083.out,9.86E-05,0.000150906,-0.000397102,0.000211757,-6.91E-07,9.26E-05
BY60C-9_page_0084.out,2.38E-05,0.000117626,-0.000137274,0.000219511,-1.17E-05,0.000101797
BY60C-9_page_0085.out,-7.60E-05,0.000142984,0.000155429,0.000168565,-1.24E-05,9.79E-05
BY60C-9_page_0086.out,-0.000165029,0.000130152,0.000419191,0.000192065,-2.31E-05,0.000103016
BY60C-9_page_0087.out,-0.000258862,0.00015054,0.000678061,0.000228422,-4.04E-06,0.00010759
BY60C-9_page_0088.out,-0.000348572,0.000141566,0.000924645,0.000256249,-8.93E-06,0.000100733
BY60C-9_page_0089.out,-0.000452,0.000173798,0.00122369,0.000238327,-1.55E-05,0.000110212
BY60C-9_page_0090.out,-0.000533583,0.000202924,0.00150005,0.000245796,-1.07E-05,0.000116758
BY60C-9_page_0091.out,-0.000633317,0.00017384,0.00177414,0.000220985,-2.00E-05,0.000113131
BY60C-9_page_0092.out,-0.000728649,0.000190339,0.00204645,0.000240233,-1.86E-05,0.000119751
BY60C-9_page_0093.out,-0.000808386,0.000197036,0.00230923,0.00026279,-2.69E-05,0.000120412
BY60C-9_page_0094.out,-0.00087878,0.000191318,0.00259432,0.000277117,-3.88E-05,0.000127453
BY60C-9_page_0095.out,-0.00100621,0.000231432,0.00288064,0.000288607,-4.57E-05,0.000134872
BY60C-9_page_0096.out,-0.00108108,0.000208751,0.00317349,0.000316811,-3.56E-05,0.000139732
BY60C-9_page_0097.out,-0.00118809,0.000211418,0.00351875,0.000297237,-4.47E-05,0.000152444
BY60C-9_page_0098.out,-0.00125183,0.000198056,0.00384956,0.000317899,-6.26E-05,0.000141264
BY60C-9_page_0099.out,-0.00137631,0.000208149,0.00418828,0.000348484,-3.73E-05,0.000138086
BY60C-9_page_0100.out,-0.00146859,0.000235832,0.00445685,0.000346228,-4.61E-05,0.000160738
BY60C-9_page_0101.out,-0.00140054,0.000226681,0.00423644,0.000357167,-5.01E-05,0.000155037
BY60C-9_page_0102.out,-0.00132671,0.000225709,0.00397525,0.000328352,-5.71E-05,0.000154436
BY60C-9_page_0103.out,-0.00123953,0.000219755,0.00370603,0.00035349,-4.97E-05,0.00015294
BY60C-9_page_0104.out,-0.00115938,0.000229348,0.00340912,0.000345579,-4.48E-05,0.000148626
BY60C-9_page_0105.out,-0.00106784,0.000231352,0.00314021,0.000324816,-4.51E-05,0.000137659
BY60C-9_page_0106.out,-0.00096663,0.000247397,0.00288252,0.000305847,-4.71E-05,0.000126652
BY60C-9_page_0107.out,-0.000880612,0.000209072,0.00260343,0.000266849,-3.50E-05,0.000137445
BY60C-9_page_0108.out,-0.000799999,0.000220865,0.00230264,0.000318941,-2.85E-05,0.000123379
BY60C-9_page_0109.out,-0.000717721,0.000218494,0.00202992,0.00028724,-2.18E-05,0.000122511
BY60C-9_page_0110.out,-0.00061675,0.000217497,0.00173777,0.000282589,-1.92E-05,0.000139251
BY60C-9_page_0111.out,-0.000507361,0.00019801,0.00146335,0.000252649,-1.17E-05,0.000138452
BY60C-9_page_0112.out,-0.000412206,0.000208842,0.00118666,0.000249697,-1.00E-05,0.000126953
BY60C-9_page_0113.out,-0.000324715,0.000194232,0.000872976,0.000261657,-5.73E-06,0.000121243
BY60C-9_page_0114.out,-0.00020618,0.00015741,0.000562109,0.00027779,-5.49E-06,0.000109936
BY60C-9_page_0115.out,-0.000112047,0.000177424,0.000279156,0.000252439,-8.70E-06,0.000116859
BY60C-9_page_0116.out,-3.40E-05,0.000194173,-5.89E-06,0.000200913,6.92E-06,0.00010253
BY60C-9_page_0117.out,5.14E-05,0.000230466,-0.000297696,0.000241359,-8.57E-06,0.000115443
BY60C-9_page_0118.out,0.000169259,0.000212336,-0.000576163,0.000236169,-2.02E-06,0.000119959
BY60C-9_page_0119.out,0.000241414,0.000228336,-0.0008675,0.000236135,3.97E-06,0.000112148
BY60C-9_page_0120.out,0.000324912,0.000244801,-0.00114895,0.000261625,4.23E-06,0.000113052
BY60C-9_page_0121.out,0.000277966,0.000253875,-0.00101668,0.000221963,1.46E-05,9.17E-05
BY60C-9_page_0122.out,0.00019037,0.000237146,-0.000767066,0.000248468,-7.35E-06,0.00010601
BY60C-9_page_0123.out,0.000128501,0.000227087,-0.000500573,0.000261905,-5.51E-06,0.000128729
BY60C-9_page_0124.out,3.94E-05,0.000210855,-0.000232006,0.000229661,1.23E-05,0.000129943
BY60C-9_page_0125.out,-2.37E-05,0.000201363,5.28E-05,0.000239616,-3.30E-06,0.000116164
BY60C-9_page_0126.out,-0.000125643,0.000209484,0.000329803,0.000261769,5.42E-07,0.000127498
BY60C-9_page_0127.out,-0.000226568,0.000202396,0.00060683,0.000317628,-1.44E-05,0.000132333
BY60C-9_page_0128.out,-0.000335262,0.000211106,0.000905584,0.000274713,-1.57E-05,0.000140415
BY60C-9_page_0129.out,-0.000416837,0.000229045,0.00119872,0.000275111,-1.17E-05,0.000119975
BY60C-9_page_0130.out,-0.000522162,0.000246195,0.00147776,0.000312438,-1.68E-05,0.000141864
BY60C-9_page_0131.out,-0.000609342,0.000223785,0.00176414,0.000289794,-1.34E-05,0.000145688
BY60C-9_page_0132.out,-0.000727662,0.000283604,0.00204531,0.000321121,-1.28E-05,0.000145722
BY60C-9_page_0133.out,-0.000796507,0.000207311,0.00233033,0.000364224,-1.95E-05,0.000140766
BY60C-9_page_0134.out,-0.000901157,0.000254791,0.00263658,0.000323335,-2.51E-05,0.00016242
BY60C-9_page_0135.out,-0.000990171,0.00026487,0.00291979,0.00032116,-2.97E-05,0.000159239
BY60C-9_page_0136.out,-0.00108769,0.000274196,0.00320918,0.000354807,-2.80E-05,0.00017012
BY60C-9_page_0137.out,-0.00116743,0.00024168,0.00350207,0.000364318,-3.37E-05,0.000161712
BY60C-9_page_0138.out,-0.00127381,0.000278151,0.00380163,0.000372611,-2.92E-05,0.000174099
BY60C-9_page_0139.out,-0.00135773,0.000273952,0.00410534,0.000400465,-5.01E-05,0.000172595
BY60C-9_page_0140.out,-0.00145802,0.000251144,0.0044256,0.00039159,-5.43E-05,0.000172754
BY60C-9_page_0141.out,-0.0015774,0.000269977,0.00473431,0.000391733,-4.53E-05,0.000194296
BY60C-9_page_0142.out,-0.00167826,0.000264018,0.00504458,0.000433334,-4.41E-05,0.000174837
BY60C-9_page_0143.out,-0.0017869,0.000293934,0.0053876,0.000438182,-3.16E-05,0.000186328
BY60C-9_page_0144.out,-0.00189775,0.000302071,0.00575299,0.000432793,-3.90E-05,0.000196675
BY60C-9_page_0145.out,-0.0020207,0.000315306,0.00610903,0.000471111,-3.41E-05,0.000206994
BY60C-9_page_0146.out,-0.00212328,0.000306558,0.0064843,0.000467037,-4.66E-05,0.000192465
BY60C-9_page_0147.out,-0.00225985,0.000355476,0.00681943,0.000503274,-4.74E-05,0.000207288
BY60C-9_page_0148.out,-0.00219063,0.000335344,0.00666462,0.000476858,-4.94E-05,0.000200747
BY60C-9_page_0149.out,-0.00210169,0.000329165,0.00638377,0.000480115,-3.36E-05,0.000215876
BY60C-9_page_0150.out,-0.00201377,0.000327802,0.00609722,0.000501579,-5.00E-05,0.000198743
BY60C-9_page_0151.out,-0.00191831,0.000326541,0.0058365,0.000441986,-5.46E-05,0.000202254
BY60C-9_page_0152.out,-0.00183216,0.000328824,0.00553663,0.000435235,-5.70E-05,0.000185168
BY60C-9_page_0153.out,-0.00172934,0.000326129,0.00523457,0.000482315,-4.87E-05,0.000189637
BY60C-9_page_0154.out,-0.0016436,0.000323216,0.00495235,0.000461451,-4.87E-05,0.000176866
BY60C-9_page_0155.out,-0.00154427,0.000291206,0.00467532,0.000447144,-5.21E-05,0.000175069
BY60C-9_page_0156.out,-0.00145582,0.000349539,0.00437763,0.000446914,-3.39E-05,0.000191995
BY60C-9_page_0157.out,-0.00135422,0.00031304,0.00407444,0.000423508,-3.50E-05,0.000170694
BY60C-9_page_0158.out,-0.00127301,0.000321888,0.00376736,0.000421408,-3.51E-05,0.000180254
BY60C-9_page_0159.out,-0.00118197,0.000325951,0.00347488,0.000419367,-2.52E-05,0.000182163
BY60C-9_page_0160.out,-0.00107184,0.000344733,0.00315938,0.000408693,-2.14E-05,0.00016975
BY60C-9_page_0161.out,-0.000983962,0.000316296,0.00287507,0.000369662,-2.81E-05,0.000161387
BY60C-9_page_0162.out,-0.000878099,0.000287791,0.00255511,0.000395669,-1.61E-05,0.000183589
BY60C-9_page_0163.out,-0.000785856,0.00031932,0.00224269,0.000401956,1.03E-06,0.000160088
BY60C-9_page_0164.out,-0.000689131,0.000308402,0.0019208,0.0003802,9.37E-07,0.000153813
BY60C-9_page_0165.out,-0.000554004,0.000289867,0.00162068,0.000364518,-7.90E-06,0.000170496
BY60C-9_page_0166.out,-0.000465066,0.000292034,0.00131246,0.000361107,-5.86E-06,0.000164738
BY60C-9_page_0167.out,-0.000367657,0.000331406,0.00100847,0.000331124,5.26E-06,0.000169072
BY60C-9_page_0168.out,-0.000271823,0.000304786,0.000667977,0.000347192,8.03E-06,0.000170431
BY60C-9_page_0169.out,-0.000174684,0.000306562,0.000363764,0.000365125,3.94E-06,0.000161783
BY60C-9_page_0170.out,-7.40E-05,0.000333208,7.62E-05,0.000315993,4.62E-06,0.000148853
BY60C-9_page_0171.out,1.80E-05,0.00035883,-0.000217923,0.000308669,-5.42E-06,0.000160642
BY60C-9_page_0172.out,8.45E-05,0.000344908,-0.000380229,0.00034145,7.98E-06,0.000161071
BY60C-9_page_0173.out,-2.77E-05,0.000348399,-9.26E-05,0.000306372,1.29E-05,0.000155537
BY60C-9_page_0174.out,-6.84E-05,0.000286674,0.000173992,0.000340637,3.88E-06,0.000134713
BY60C-9_page_0175.out,-0.0001566,0.000308301,0.000452368,0.000342848,1.65E-05,0.000173167
BY60C-9_page_0176.out,-0.0002924,0.000321597,0.000751383,0.000356771,5.49E-06,0.000164895
BY60C-9_page_0177.out,-0.000389224,0.000334833,0.00105582,0.000337423,5.03E-06,0.000164004
BY60C-9_page_0178.out,-0.000483244,0.000339659,0.00135407,0.000352527,1.86E-06,0.000167818
BY60C-9_page_0179.out,-0.000562323,0.000323893,0.00164682,0.000395834,-1.21E-05,0.00017871
BY60C-9_page_0180.out,-0.00071287,0.000360055,0.00196443,0.000365215,6.63E-06,0.000161711
BY60C-9_page_0181.out,-0.000798065,0.000369955,0.00225176,0.000414332,-1.62E-05,0.000151687
BY60C-9_page_0182.out,-0.000866285,0.00031827,0.00256879,0.000428852,-1.72E-05,0.000188352
BY60C-9_page_0183.out,-0.000989982,0.000415533,0.00288271,0.000389075,-2.48E-05,0.000177496
BY60C-9_page_0184.out,-0.00109196,0.000398833,0.00317677,0.000415935,-1.73E-05,0.000180805
BY60C-9_page_0185.out,-0.00120201,0.000388272,0.00347281,0.000436476,-1.60E-05,0.000188632
BY60C-9_page_0186.out,-0.00128119,0.000378765,0.00378885,0.000431766,-3.51E-05,0.000190907
BY60C-9_page_0187.out,-0.00136815,0.00037649,0.00409048,0.000469683,-4.22E-05,0.000192703
BY60C-9_page_0188.out,-0.00146786,0.000379876,0.00440644,0.000473805,-4.17E-05,0.000192627
BY60C-9_page_0189.out,-0.00156227,0.000369562,0.00472626,0.000460903,-3.92E-05,0.000189997
BY60C-9_page_0190.out,-0.00166149,0.000366039,0.00504064,0.000478313,-5.00E-05,0.000187803
BY60C-9_page_0191.out,-0.00176051,0.000385023,0.00533992,0.000496518,-2.46E-05,0.000214241
BY60C-9_page_0192.out,-0.001867,0.000408204,0.00564363,0.000491209,-2.98E-05,0.000215912
BY60C-9_page_0193.out,-0.00196778,0.000396412,0.00597532,0.000504841,-4.16E-05,0.000219034
BY60C-9_page_0194.out,-0.00207567,0.000393274,0.00627487,0.000517012,-3.89E-05,0.000210678
BY60C-9_page_0195.out,-0.00218736,0.000423913,0.00661258,0.000523748,-3.63E-05,0.000238837
BY60C-9_page_0196.out,-0.00227774,0.000432538,0.00691469,0.000544004,-3.37E-05,0.000213771
BY60C-9_page_0197.out,-0.00239564,0.000444938,0.00724899,0.00056965,-4.07E-05,0.000239479
BY60C-9_page_0198.out,-0.00250196,0.00044027,0.00759673,0.000564991,-4.40E-05,0.000244245
BY60C-9_page_0199.out,-0.00261627,0.000481635,0.0079608,0.000596897,-4.43E-05,0.000247661
BY60C-9_page_0200.out,-0.00274926,0.000488091,0.00830997,0.000607507,-4.77E-05,0.000246962
BY60C-9_page_0201.out,-0.00287041,0.000488525,0.00868773,0.000620403,-4.42E-05,0.00025704
BY60C-9_page_0202.out,-0.00298201,0.00048101,0.00906377,0.00064612,-5.45E-05,0.000272075
BY60C-9_page_0203.out,-0.00306289,0.000483475,0.0093026,0.000668605,-4.95E-05,0.000266141
BY60C-9_page_0204.out,-0.00298126,0.000496032,0.00906185,0.000678109,-5.63E-05,0.000261993
BY60C-9_page_0205.out,-0.00289348,0.000488939,0.00880974,0.000655888,-4.97E-05,0.000263778
BY60C-9_page_0206.out,-0.00280182,0.000474242,0.00850478,0.000649486,-4.42E-05,0.000255087
BY60C-9_page_0207.out,-0.00270568,0.000462043,0.00821418,0.000641914,-4.46E-05,0.000248804
BY60C-9_page_0208.out,-0.00260473,0.000481437,0.00792858,0.00062153,-3.47E-05,0.000260354
BY60C-9_page_0209.out,-0.00250092,0.000477457,0.00762178,0.000610521,-4.14E-05,0.000250202
BY60C-9_page_0210.out,-0.00241006,0.0004362,0.00731403,0.000640095,-4.27E-05,0.000255209
BY60C-9_page_0211.out,-0.00231994,0.000470217,0.00703186,0.000610266,-3.95E-05,0.000253851
BY60C-9_page_0212.out,-0.00221019,0.000449596,0.0067389,0.000587508,-3.88E-05,0.000240115
BY60C-9_page_0213.out,-0.0020984,0.0004306,0.0064215,0.000630633,-4.45E-05,0.00024267
BY60C-9_page_0214.out,-0.00200917,0.00043004,0.00611979,0.000585255,-4.44E-05,0.000242733
BY60C-9_page_0215.out,-0.0019183,0.000439182,0.0058183,0.000570093,-3.58E-05,0.00023389
BY60C-9_page_0216.out,-0.00182993,0.000417088,0.00547554,0.000617681,-3.65E-05,0.000235601
BY60C-9_page_0217.out,-0.00173902,0.00047093,0.00516737,0.000602919,-2.62E-05,0.000220588
BY60C-9_page_0218.out,-0.00163633,0.000452171,0.00487529,0.000541826,-3.73E-05,0.000216558
BY60C-9_page_0219.out,-0.0015258,0.000480374,0.00455639,0.000527197,-1.47E-05,0.000230086
BY60C-9_page_0220.out,-0.00143052,0.000437057,0.00421707,0.000565423,-1.29E-05,0.000215119
BY60C-9_page_0221.out,-0.00132558,0.000450528,0.00389739,0.000529022,-1.26E-05,0.000217539
BY60C-9_page_0222.out,-0.00123169,0.000474568,0.00356099,0.000520996,-1.29E-06,0.000209253
BY60C-9_page_0223.out,-0.00112186,0.000449583,0.00326028,0.00048942,-1.86E-06,0.000197645
BY60C-9_page_0224.out,-0.000997078,0.000460377,0.00292052,0.000478903,-1.25E-05,0.00020672
BY60C-9_page_0225.out,-0.000887404,0.00042857,0.00258757,0.000481369,1.29E-05,0.000215196
BY60C-9_page_0226.out,-0.000789618,0.000432378,0.0022522,0.000490071,1.52E-06,0.000188907
BY60C-9_page_0227.out,-0.000693819,0.000437875,0.00191982,0.000458769,1.18E-05,0.000199881
BY60C-9_page_0228.out,-0.000573671,0.000429133,0.0015866,0.000455131,1.74E-05,0.000213437
BY60C-9_page_0229.out,-0.000465107,0.000450677,0.00125444,0.0004541,1.10E-05,0.000208646
BY60C-9_page_0230.out,-0.000372528,0.000444828,0.000929091,0.000440574,1.74E-05,0.000190587
BY60C-9_page_0231.out,-0.000272097,0.000434744,0.000602222,0.000427983,2.12E-05,0.000200296
BY60C-9_page_0232.out,-0.000276512,0.000438577,0.000617786,0.000446715,1.07E-05,0.000197204
BY60C-9_page_0233.out,-0.000348821,0.000423936,0.000913153,0.000404333,2.69E-05,0.000200061
BY60C-9_page_0234.out,-0.000444087,0.000426018,0.0012149,0.000436035,1.07E-05,0.00019907
BY60C-9_page_0235.out,-0.00053725,0.000406593,0.00152148,0.000448658,-4.13E-06,0.000203331
BY60C-9_page_0236.out,-0.000659788,0.000464785,0.00183754,0.000450615,1.74E-05,0.000203443
BY60C-9_page_0237.out,-0.0007634,0.000481836,0.00213179,0.000481448,1.39E-05,0.00018729
BY60C-9_page_0238.out,-0.000861858,0.000481192,0.00244676,0.000503436,1.24E-05,0.000215153
BY60C-9_page_0239.out,-0.00094933,0.000471729,0.00278419,0.000498162,5.82E-06,0.000217876
BY60C-9_page_0240.out,-0.00105659,0.000485322,0.00312386,0.000494321,-1.27E-05,0.000207102
BY60C-9_page_0241.out,-0.00117058,0.000492234,0.00342309,0.00052669,-1.08E-05,0.000219236
BY60C-9_page_0242.out,-0.00126223,0.000492717,0.00374395,0.000522549,-8.40E-06,0.000215923
BY60C-9_page_0243.out,-0.00137772,0.000531796,0.00404756,0.000550023,-1.38E-05,0.000226404
BY60C-9_page_0244.out,-0.00148412,0.000498417,0.00437467,0.00056113,-2.09E-05,0.000231001
BY60C-9_page_0245.out,-0.00159421,0.000503154,0.00470935,0.000548642,-2.15E-05,0.000243427
BY60C-9_page_0246.out,-0.00168016,0.000494666,0.00503056,0.000588299,-3.58E-05,0.00022286
BY60C-9_page_0247.out,-0.00179178,0.000500024,0.00532445,0.000605197,-1.97E-05,0.000241567
BY60C-9_page_0248.out,-0.00188242,0.000476152,0.00566978,0.000568399,-2.18E-05,0.000254029
BY60C-9_page_0249.out,-0.0019931,0.000506786,0.00598301,0.000596095,-3.48E-05,0.000247355
BY60C-9_page_0250.out,-0.00207835,0.000526973,0.00629933,0.000642325,-4.38E-05,0.000251911
BY60C-9_page_0251.out,-0.00218157,0.000498865,0.00662435,0.000646354,-2.25E-05,0.000262673
BY60C-9_page_0252.out,-0.00229334,0.000547396,0.00696464,0.000636256,-3.07E-05,0.000264304
BY60C-9_page_0253.out,-0.00241117,0.000518308,0.00724246,0.000664634,-2.52E-05,0.000269409
BY60C-9_page_0254.out,-0.00249949,0.000538359,0.00758385,0.000653615,-2.72E-05,0.000280823
BY60C-9_page_0255.out,-0.00261605,0.000537707,0.00790929,0.000654026,-3.40E-05,0.00028075
BY60C-9_page_0256.out,-0.00271772,0.000535001,0.0082266,0.000675275,-3.23E-05,0.000277566
BY60C-9_page_0257.out,-0.00283288,0.000576314,0.00854618,0.000702317,-3.17E-05,0.000277777
BY60C-9_page_0258.out,-0.00292901,0.000572424,0.00887324,0.000711222,-3.90E-05,0.000285653
BY60C-9_page_0259.out,-0.00304355,0.000561458,0.0091958,0.000767578,-3.92E-05,0.000310601
BY60C-9_page_0260.out,-0.00314812,0.000569763,0.00953732,0.000721379,-5.58E-05,0.000306342
BY60C-9_page_0261.out,-0.0032646,0.000577171,0.00988437,0.000746267,-4.20E-05,0.000321362
BY60C-9_page_0262.out,-0.00337597,0.000565906,0.0102402,0.000806449,-5.40E-05,0.000301985
BY60C-9_page_0263.out,-0.00348371,0.00057653,0.0106133,0.000809785,-6.45E-05,0.00031818
BY60C-9_page_0264.out,-0.00361719,0.000594345,0.011002,0.000790786,-6.53E-05,0.000336168
BY60C-9_page_0265.out,-0.00373282,0.000605336,0.0113606,0.000840035,-6.46E-05,0.00033327
BY60C-9_page_0266.out,-0.0038531,0.000617029,0.0117356,0.000846851,-5.92E-05,0.000341519
BY60C-9_page_0267.out,-0.00385761,0.000594271,0.0117964,0.000886535,-6.34E-05,0.000345663
BY60C-9_page_0268.out,-0.0037845,0.000607924,0.0115188,0.000885296,-6.18E-05,0.000339588
BY60C-9_page_0269.out,-0.00367392,0.00063606,0.0112404,0.000856587,-6.99E-05,0.000338354
BY60C-9_page_0270.out,-0.00359095,0.000624371,0.0109438,0.000837766,-6.92E-05,0.000330837
BY60C-9_page_0271.out,-0.00351018,0.000625347,0.0106295,0.000854836,-6.48E-05,0.000319089
BY60C-9_page_0272.out,-0.00342091,0.000652015,0.0103323,0.000865868,-5.12E-05,0.000315915
BY60C-9_page_0273.out,-0.00331207,0.000642526,0.0100413,0.000836337,-4.05E-05,0.000324206
BY60C-9_page_0274.out,-0.00320265,0.000614656,0.00973609,0.000802474,-3.92E-05,0.000318094
BY60C-9_page_0275.out,-0.00309348,0.00061155,0.00942624,0.000823966,-4.60E-05,0.000293547
BY60C-9_page_0276.out,-0.00300968,0.000590374,0.00911625,0.00082679,-4.00E-05,0.00031679
BY60C-9_page_0277.out,-0.00289264,0.000599385,0.00881148,0.000804324,-3.46E-05,0.000300082
BY60C-9_page_0278.out,-0.00280456,0.000610175,0.00846328,0.000823492,-4.24E-05,0.000323902
BY60C-9_page_0279.out,-0.00268219,0.00057201,0.00817913,0.000773519,-3.43E-05,0.000295255
BY60C-9_page_0280.out,-0.00259816,0.000621387,0.00784611,0.000784555,-4.20E-05,0.000302326
BY60C-9_page_0281.out,-0.00249597,0.000580722,0.0075166,0.000781973,-4.68E-05,0.000279748
BY60C-9_page_0282.out,-0.00241114,0.000582173,0.007198,0.000788561,-3.56E-05,0.000279562
BY60C-9_page_0283.out,-0.0022686,0.000560664,0.00686908,0.000764369,-4.08E-05,0.000281136
BY60C-9_page_0284.out,-0.00218804,0.000569878,0.00654418,0.000750489,-2.91E-05,0.000291784
BY60C-9_page_0285.out,-0.00208609,0.000620041,0.00621449,0.000737771,-2.30E-05,0.000276084
BY60C-9_page_0286.out,-0.00197411,0.000594755,0.00588131,0.000710182,-3.21E-05,0.00028415
BY60C-9_page_0287.out,-0.00187803,0.000577044,0.00552663,0.000719209,-2.06E-05,0.000275162
BY60C-9_page_0288.out,-0.00176413,0.000585251,0.00520614,0.000714356,-2.21E-05,0.000268228
BY60C-9_page_0289.out,-0.00165751,0.000600866,0.0048698,0.000665857,-1.85E-05,0.000259021
BY60C-9_page_0290.out,-0.00155698,0.000600562,0.00452736,0.000670626,-1.41E-05,0.000266369
BY60C-9_page_0291.out,-0.00144889,0.000617481,0.00417969,0.000657549,-1.68E-06,0.000264375
BY60C-9_page_0292.out,-0.0013276,0.000604725,0.00383681,0.000639086,-2.53E-06,0.000257534
BY60C-9_page_0293.out,-0.00122024,0.000575411,0.0034956,0.000615459,-2.89E-06,0.000239595
BY60C-9_page_0294.out,-0.00110206,0.000575195,0.0031516,0.000597328,8.89E-06,0.000244585
BY60C-9_page_0295.out,-0.00100492,0.000581169,0.00280131,0.000596944,4.15E-06,0.000266797
BY60C-9_page_0296.out,-0.000882306,0.00057314,0.00243573,0.000617826,1.53E-05,0.000263494
BY60C-9_page_0297.out,-0.000790164,0.000600278,0.0020937,0.000576965,2.16E-05,0.000260888
BY60C-9_page_0298.out,-0.000655048,0.0005661,0.00175557,0.000569135,4.21E-06,0.000257606
BY60C-9_page_0299.out,-0.000602961,0.000578954,0.00158642,0.000541794,1.72E-05,0.000265751
BY60C-9_page_0300.out,-0.000695884,0.000573268,0.00186877,0.000550228,1.42E-05,0.000246686
BY60C-9_page_0301.out,-0.000795064,0.000600405,0.00217458,0.000589296,3.40E-05,0.000249617
BY60C-9_page_0302.out,-0.000897983,0.000612001,0.00248551,0.000611297,7.22E-06,0.000264203
BY60C-9_page_0303.out,-0.000999506,0.000592822,0.0028089,0.000605306,-3.57E-06,0.00025981
BY60C-9_page_0304.out,-0.00112003,0.00064131,0.00315022,0.000604867,1.78E-06,0.000270646
BY60C-9_page_0305.out,-0.00122098,0.000637973,0.00346555,0.000620749,7.25E-06,0.000260893
BY60C-9_page_0306.out,-0.00132601,0.000639858,0.00377826,0.000652494,-4.39E-06,0.000271867
BY60C-9_page_0307.out,-0.0014192,0.000641288,0.00413533,0.000648326,-2.33E-05,0.000279328
BY60C-9_page_0308.out,-0.00152673,0.000631132,0.00446676,0.000657208,-1.58E-05,0.000286266
BY60C-9_page_0309.out,-0.00164134,0.000645498,0.00478509,0.000679198,-2.26E-05,0.000290419
BY60C-9_page_0310.out,-0.00174104,0.000625344,0.00513332,0.000694688,-2.59E-05,0.000287471
BY60C-9_page_0311.out,-0.001843,0.000658716,0.00544812,0.000731967,-2.51E-05,0.000285678
BY60C-9_page_0312.out,-0.00195457,0.000643781,0.00579546,0.000713033,-2.62E-05,0.000282473
BY60C-9_page_0313.out,-0.00206031,0.000669199,0.00612411,0.000740282,-3.38E-05,0.000302351
BY60C-9_page_0314.out,-0.00216242,0.000660548,0.00646423,0.000756285,-3.24E-05,0.000296408
BY60C-9_page_0315.out,-0.00225801,0.000651594,0.00682212,0.000749688,-3.81E-05,0.000310538
BY60C-9_page_0316.out,-0.00238031,0.000688656,0.0071371,0.00077503,-2.49E-05,0.000311201
BY60C-9_page_0317.out,-0.00247655,0.000648765,0.0074428,0.000800728,-2.35E-05,0.000319286
BY60C-9_page_0318.out,-0.00259527,0.000673854,0.00779704,0.000795047,-3.00E-05,0.000333034
BY60C-9_page_0319.out,-0.00269441,0.000675138,0.00812242,0.000805785,-2.71E-05,0.000327047
BY60C-9_page_0320.out,-0.00279984,0.000703699,0.00844229,0.000824404,-2.83E-05,0.000329297
BY60C-9_page_0321.out,-0.00292129,0.000683403,0.00876878,0.000831798,-4.16E-05,0.000339987
BY60C-9_page_0322.out,-0.00302997,0.000700068,0.00910382,0.000844877,-5.07E-05,0.00035388
BY60C-9_page_0323.out,-0.00311004,0.000708128,0.00943363,0.000864851,-4.51E-05,0.000336425
BY60C-9_page_0324.out,-0.00321591,0.000719293,0.00975348,0.000856826,-5.58E-05,0.000347849
BY60C-9_page_0325.out,-0.00336166,0.000756929,0.0101008,0.000882947,-5.73E-05,0.000350796
BY60C-9_page_0326.out,-0.00344748,0.00071274,0.0104192,0.000918765,-5.62E-05,0.000343419
BY60C-9_page_0327.out,-0.00355356,0.000691985,0.0107598,0.000885997,-6.04E-05,0.000352541
BY60C-9_page_0328.out,-0.00365667,0.000733821,0.0110963,0.000893382,-7.05E-05,0.000393086
BY60C-9_page_0329.out,-0.00377443,0.000724043,0.0114261,0.00094354,-8.03E-05,0.000362303
BY60C-9_page_0330.out,-0.00387207,0.0007042,0.0117617,0.000936795,-6.56E-05,0.000379876
BY60C-9_page_0331.out,-0.00397564,0.000720928,0.0121179,0.000951823,-6.90E-05,0.000390868
BY60C-9_page_0332.out,-0.00409969,0.000738024,0.0124689,0.000988612,-8.09E-05,0.000390217
BY60C-9_page_0333.out,-0.00421012,0.000728246,0.01284,0.00100308,-7.89E-05,0.000376398
BY60C-9_page_0334.out,-0.00431504,0.000732933,0.0132011,0.00101912,-7.24E-05,0.00040578
BY60C-9_page_0335.out,-0.00445361,0.000749066,0.013551,0.00107446,-8.85E-05,0.000394233
BY60C-9_page_0336.out,-0.00457853,0.000769895,0.0139536,0.00108507,-8.35E-05,0.000397913
BY60C-9_page_0337.out,-0.00468063,0.000787365,0.0143314,0.00112007,-8.54E-05,0.000405089
BY60C-9_page_0338.out,-0.00471464,0.000806168,0.0143882,0.00116729,-7.20E-05,0.000414597
BY60C-9_page_0339.out,-0.00462869,0.000793619,0.0141052,0.00112193,-7.81E-05,0.000411693
BY60C-9_page_0340.out,-0.00453765,0.000755033,0.0138082,0.00112412,-7.76E-05,0.000409401
BY60C-9_page_0341.out,-0.00443053,0.000796886,0.0135069,0.00112384,-8.38E-05,0.000406047
BY60C-9_page_0342.out,-0.00432,0.00077185,0.0132281,0.00111627,-9.14E-05,0.000407091
BY60C-9_page_0343.out,-0.00423489,0.000781885,0.0129251,0.00113077,-9.84E-05,0.000389732
BY60C-9_page_0344.out,-0.004133,0.000781713,0.0126081,0.0011361,-8.83E-05,0.000384089
BY60C-9_page_0345.out,-0.00403479,0.00076767,0.012289,0.00109256,-7.14E-05,0.000411584
BY60C-9_page_0346.out,-0.00394681,0.00078736,0.0119635,0.00108146,-7.14E-05,0.00037106
BY60C-9_page_0347.out,-0.00383323,0.000783042,0.0116545,0.00108684,-6.73E-05,0.000381559
BY60C-9_page_0348.out,-0.0037336,0.000802048,0.0113407,0.00108401,-6.22E-05,0.000377537
BY60C-9_page_0349.out,-0.00364533,0.000803904,0.0110201,0.00105649,-6.10E-05,0.000371363
BY60C-9_page_0350.out,-0.003536,0.00080563,0.0106963,0.00106496,-6.02E-05,0.000338205
BY60C-9_page_0351.out,-0.0034348,0.000808934,0.0103826,0.0010427,-5.05E-05,0.000366854
BY60C-9_page_0352.out,-0.00332345,0.000797912,0.0100343,0.00105158,-4.71E-05,0.000359729
BY60C-9_page_0353.out,-0.00321279,0.000792723,0.0096874,0.00102208,-3.93E-05,0.00036523
BY60C-9_page_0354.out,-0.00309529,0.000776655,0.00936449,0.00104003,-5.24E-05,0.000362875
BY60C-9_page_0355.out,-0.00298686,0.000762281,0.00902573,0.00100939,-4.87E-05,0.000366975
BY60C-9_page_0356.out,-0.00290972,0.000768417,0.00867903,0.00100197,-2.77E-05,0.000353672
BY60C-9_page_0357.out,-0.00280088,0.000738656,0.00835537,0.00100467,-3.56E-05,0.000350941
BY60C-9_page_0358.out,-0.00267572,0.000779126,0.00801273,0.000972811,-3.16E-05,0.000349991
BY60C-9_page_0359.out,-0.00254395,0.00076582,0.00763396,0.000990509,-4.02E-05,0.000357837
BY60C-9_page_0360.out,-0.0024559,0.000754897,0.00731651,0.000971769,-4.14E-05,0.00032742
BY60C-9_page_0361.out,-0.00234701,0.000774979,0.00697687,0.000939288,-3.64E-05,0.000326134
BY60C-9_page_0362.out,-0.00225671,0.000797936,0.0066205,0.000946901,-2.39E-05,0.000333686
BY60C-9_page_0363.out,-0.00213129,0.000781117,0.00626233,0.000926867,-3.09E-05,0.000334115
BY60C-9_page_0364.out,-0.00201723,0.000762136,0.00591596,0.000911536,-2.27E-05,0.000345322
BY60C-9_page_0365.out,-0.00190503,0.000768043,0.00556224,0.000888643,-2.03E-05,0.000319835
BY60C-9_page_0366.out,-0.00181524,0.000796258,0.00520955,0.000875275,-2.10E-05,0.000331142
BY60C-9_page_0367.out,-0.00169798,0.000796024,0.00486058,0.000841797,-6.71E-06,0.000332391
BY60C-9_page_0368.out,-0.00158418,0.000790149,0.00449286,0.000837582,-6.67E-06,0.000318068
BY60C-9_page_0369.out,-0.00147999,0.000821698,0.00412035,0.00083623,1.23E-05,0.000324498
BY60C-9_page_0370.out,-0.00136232,0.00078687,0.00375382,0.000826088,9.50E-06,0.000324475
BY60C-9_page_0371.out,-0.00122881,0.000779273,0.00340562,0.000797853,8.55E-06,0.000321657
BY60C-9_page_0372.out,-0.00110716,0.000761152,0.00306464,0.000757934,1.70E-05,0.000332669
BY60C-9_page_0373.out,-0.000977206,0.000730439,0.0026991,0.000727217,8.61E-06,0.000326819
BY60C-9_page_0374.out,-0.00103169,0.000756623,0.00289529,0.000724913,1.05E-05,0.000324201
BY60C-9_page_0375.out,-0.00113405,0.000749279,0.00318511,0.000768495,1.24E-05,0.000328297
BY60C-9_page_0376.out,-0.00124786,0.000769077,0.00349361,0.000795052,1.44E-05,0.000330684
BY60C-9_page_0377.out,-0.00135747,0.000775177,0.00383896,0.000790593,1.25E-05,0.000323127
BY60C-9_page_0378.out,-0.00148866,0.000823043,0.00416565,0.000805369,-2.13E-06,0.000319026
BY60C-9_page_0379.out,-0.00156208,0.0008002,0.00450028,0.000844772,-1.02E-05,0.000333102
BY60C-9_page_0380.out,-0.00169169,0.000803868,0.00485907,0.000826991,1.66E-06,0.000331789
BY60C-9_page_0381.out,-0.00180597,0.000809907,0.00519736,0.000867993,-8.87E-06,0.000341205
BY60C-9_page_0382.out,-0.00189787,0.000826773,0.00551328,0.000900728,-1.11E-05,0.000368718
BY60C-9_page_0383.out,-0.00202989,0.000826776,0.00588142,0.000865529,-2.23E-05,0.000347165
BY60C-9_page_0384.out,-0.00211809,0.000839626,0.00622954,0.000903526,-1.88E-05,0.000353563
BY60C-9_page_0385.out,-0.00222435,0.000834092,0.00657408,0.000911381,-2.62E-05,0.000363661
BY60C-9_page_0386.out,-0.00233919,0.000799654,0.00690434,0.000939319,-1.02E-05,0.000373416
BY60C-9_page_0387.out,-0.00243582,0.000798768,0.00725887,0.00096333,-4.10E-05,0.000366182
BY60C-9_page_0388.out,-0.00254902,0.000823333,0.00757276,0.000976723,-3.47E-05,0.000380663
BY60C-9_page_0389.out,-0.00266255,0.000815997,0.00793716,0.000979794,-1.96E-05,0.000406675
BY60C-9_page_0390.out,-0.00276905,0.000863481,0.00826548,0.000967633,-3.41E-05,0.000372045
BY60C-9_page_0391.out,-0.00287196,0.000838207,0.00861732,0.00100973,-2.87E-05,0.000390472
BY60C-9_page_0392.out,-0.00298675,0.000844899,0.00897782,0.0009984,-2.73E-05,0.000401414
BY60C-9_page_0393.out,-0.0030964,0.000862849,0.00930565,0.00104543,-3.09E-05,0.000392574
BY60C-9_page_0394.out,-0.0032154,0.000882899,0.00961724,0.00105645,-2.49E-05,0.000411777
BY60C-9_page_0395.out,-0.00333417,0.000886614,0.00997619,0.00103237,-2.43E-05,0.000409619
BY60C-9_page_0396.out,-0.00343365,0.000902585,0.0103256,0.00108043,-3.54E-05,0.000423263
BY60C-9_page_0397.out,-0.00354123,0.000897249,0.0106454,0.0011027,-5.32E-05,0.00040237
BY60C-9_page_0398.out,-0.00364537,0.000909165,0.0109955,0.00109587,-5.74E-05,0.000415
BY60C-9_page_0399.out,-0.00376116,0.000911659,0.0113256,0.00112393,-4.89E-05,0.000431624
BY60C-9_page_0400.out,-0.00385959,0.000886746,0.0116595,0.00113833,-5.74E-05,0.000425993
BY60C-9_page_0401.out,-0.00397449,0.000874547,0.0119951,0.00112731,-4.19E-05,0.000452617
BY60C-9_page_0402.out,-0.00407613,0.000906258,0.0123284,0.00113112,-5.29E-05,0.000449356
BY60C-9_page_0403.out,-0.00419008,0.000879407,0.012663,0.00118407,-6.92E-05,0.000436284
BY60C-9_page_0404.out,-0.0043075,0.000901056,0.0130084,0.00117002,-6.61E-05,0.000437542
BY60C-9_page_0405.out,-0.00441735,0.000906002,0.0133371,0.00117448,-6.09E-05,0.000450713
BY60C-9_page_0406.out,-0.00451916,0.000893365,0.0136791,0.00121355,-5.84E-05,0.000459588
BY60C-9_page_0407.out,-0.00463782,0.00088711,0.0140302,0.00119734,-6.37E-05,0.000456084
BY60C-9_page_0408.out,-0.00473759,0.000932379,0.0143762,0.00123204,-7.39E-05,0.000475927
BY60C-9_page_0409.out,-0.00484213,0.000923752,0.0147131,0.00127697,-6.43E-05,0.000461914
BY60C-9_page_0410.out,-0.00497308,0.000946806,0.0150815,0.0012751,-7.34E-05,0.000473873
BY60C-9_page_0411.out,-0.00508958,0.000960675,0.0154473,0.00131417,-5.66E-05,0.000497279
BY60C-9_page_0412.out,-0.00521355,0.000983082,0.0158109,0.00134664,-7.54E-05,0.00048886
BY60C-9_page_0413.out,-0.00531932,0.00100389,0.0161767,0.00135885,-8.25E-05,0.000506103
BY60C-9_page_0414.out,-0.0054384,0.00102569,0.0165471,0.00141253,-7.34E-05,0.000505509
BY60C-9_page_0415.out,-0.00555158,0.00103322,0.0169409,0.00145643,-8.83E-05,0.000502819
BY60C-9_page_0416.out,-0.00555812,0.00102338,0.0169503,0.00146912,-0.000101147,0.000474734
BY60C-9_page_0417.out,-0.00546968,0.00101645,0.0166743,0.00148802,-7.42E-05,0.000521399
BY60C-9_page_0418.out,-0.00539347,0.00103929,0.0163681,0.0014536,-7.43E-05,0.000521015
BY60C-9_page_0419.out,-0.00529189,0.00101636,0.0160674,0.00147134,-7.73E-05,0.000503037
BY60C-9_page_0420.out,-0.00520185,0.000997374,0.0157423,0.00146465,-7.46E-05,0.000479564
BY60C-9_page_0421.out,-0.00510199,0.000973808,0.0154353,0.00146351,-5.83E-05,0.00049302
BY60C-9_page_0422.out,-0.00498984,0.000991623,0.0151479,0.00144108,-8.06E-05,0.000490466
BY60C-9_page_0423.out,-0.00488992,0.000995472,0.0148185,0.00144846,-7.84E-05,0.000479928
BY60C-9_page_0424.out,-0.00479958,0.000997396,0.0145194,0.00143139,-7.41E-05,0.000481891
BY60C-9_page_0425.out,-0.00470018,0.000997424,0.0141985,0.0014093,-6.19E-05,0.000464715
BY60C-9_page_0426.out,-0.00458388,0.000978905,0.0138516,0.00140461,-6.23E-05,0.000465527
BY60C-9_page_0427.out,-0.00446744,0.000967451,0.0135511,0.00141936,-6.48E-05,0.000475384
BY60C-9_page_0428.out,-0.00437014,0.000986554,0.0132321,0.00136745,-6.03E-05,0.000482887
BY60C-9_page_0429.out,-0.00427875,0.00100651,0.0128903,0.00140141,-5.43E-05,0.000447558
BY60C-9_page_0430.out,-0.00415939,0.00101038,0.0125643,0.00138018,-5.53E-05,0.000463355
BY60C-9_page_0431.out,-0.00407757,0.00103149,0.0122008,0.00135181,-3.45E-05,0.000452674
BY60C-9_page_0432.out,-0.00393571,0.00099113,0.0118887,0.00135548,-4.15E-05,0.000450468
BY60C-9_page_0433.out,-0.00383395,0.00101278,0.0115546,0.00133651,-5.38E-05,0.000437352
BY60C-9_page_0434.out,-0.00374421,0.000984504,0.0111848,0.00134684,-2.56E-05,0.000451392
BY60C-9_page_0435.out,-0.00361162,0.000964505,0.0108448,0.00132862,-3.63E-05,0.0004391
BY60C-9_page_0436.out,-0.00353606,0.00101254,0.0104883,0.00130414,-3.34E-05,0.000436018
BY60C-9_page_0437.out,-0.00341074,0.000980023,0.010124,0.00126394,-2.01E-05,0.000453081
BY60C-9_page_0438.out,-0.0032802,0.000975523,0.00977506,0.00128877,-1.72E-05,0.000448097
BY60C-9_page_0439.out,-0.00317444,0.000966773,0.00941616,0.00126215,-3.12E-05,0.000422211
BY60C-9_page_0440.out,-0.0030825,0.000960871,0.00906111,0.00124922,-3.11E-05,0.000434584
BY60C-9_page_0441.out,-0.00294607,0.000966989,0.00869716,0.00125729,-4.48E-05,0.000418667
BY60C-9_page_0442.out,-0.00283439,0.000918303,0.00832996,0.00122109,-3.53E-05,0.000405928
BY60C-9_page_0443.out,-0.00274783,0.000991096,0.00797936,0.00119298,-1.92E-05,0.000422028
BY60C-9_page_0444.out,-0.00259456,0.000933359,0.00760356,0.00120039,-2.22E-05,0.000415327
BY60C-9_page_0445.out,-0.00249255,0.00093796,0.00724499,0.00117789,-2.07E-05,0.000414519
BY60C-9_page_0446.out,-0.00237657,0.000953653,0.00689378,0.00113117,-2.65E-05,0.000397444
BY60C-9_page_0447.out,-0.00226933,0.000955229,0.00652197,0.00113377,-1.42E-05,0.000397392
BY60C-9_page_0448.out,-0.00215496,0.000950668,0.00616085,0.00110327,-4.49E-06,0.000415703
BY60C-9_page_0449.out,-0.00202628,0.000943981,0.00577161,0.00110454,6.48E-07,0.000416486
BY60C-9_page_0450.out,-0.00192734,0.000978098,0.00542513,0.00108516,-2.16E-06,0.000399966
BY60C-9_page_0451.out,-0.00182489,0.00097835,0.00506242,0.00102021,3.20E-06,0.000398631
BY60C-9_page_0452.out,-0.00166658,0.000945333,0.00468743,0.000997949,6.44E-06,0.000419326
BY60C-9_page_0453.out,-0.00156512,0.000951947,0.00432662,0.00100104,2.89E-05,0.000409166
BY60C-9_page_0454.out,-0.00144514,0.000935948,0.00395817,0.000970036,1.91E-05,0.000406776
BY60C-9_page_0455.out,-0.00147061,0.000967322,0.00396443,0.00095666,1.12E-05,0.000405711
BY60C-9_page_0456.out,-0.00154879,0.000958624,0.00428727,0.00100469,1.41E-05,0.000411513
BY60C-9_page_0457.out,-0.00164916,0.000964128,0.00461213,0.00099872,1.14E-05,0.00039833
BY60C-9_page_0458.out,-0.00176794,0.000964411,0.0049557,0.00102463,1.57E-05,0.000433216
BY60C-9_page_0459.out,-0.00189495,0.00100112,0.00529288,0.00107012,1.09E-06,0.000420977
BY60C-9_page_0460.out,-0.00198392,0.000993478,0.00564649,0.00105262,7.10E-06,0.000432339
BY60C-9_page_0461.out,-0.00208235,0.000981665,0.00599439,0.00106348,-4.77E-06,0.000430045
BY60C-9_page_0462.out,-0.00220141,0.000981759,0.00636342,0.00109618,-1.05E-05,0.000433716
BY60C-9_page_0463.out,-0.00231146,0.000972971,0.00670058,0.00112898,-1.04E-05,0.00045148
BY60C-9_page_0464.out,-0.00242407,0.000976202,0.00705735,0.00113227,-1.36E-05,0.000437034
BY60C-9_page_0465.out,-0.00252552,0.000969792,0.00740083,0.00117231,-9.20E-06,0.000440782
BY60C-9_page_0466.out,-0.0026482,0.000985368,0.00775073,0.0011768,-1.89E-05,0.000446642
BY60C-9_page_0467.out,-0.00274268,0.0009839,0.00810243,0.00120151,-6.78E-06,0.000451703
BY60C-9_page_0468.out,-0.00284619,0.000991453,0.00845594,0.00120927,-1.78E-05,0.00045082
BY60C-9_page_0469.out,-0.00298234,0.00101307,0.00881705,0.00123735,-2.53E-05,0.000457675
BY60C-9_page_0470.out,-0.00309515,0.00100099,0.00918376,0.0012436,-2.06E-05,0.000467715
BY60C-9_page_0471.out,-0.00321089,0.00104007,0.00953238,0.00128796,-1.15E-05,0.000478781
BY60C-9_page_0472.out,-0.00330574,0.00104217,0.00986115,0.00127055,-1.52E-05,0.000475629
BY60C-9_page_0473.out,-0.00342354,0.00105169,0.0102378,0.00128684,-2.57E-05,0.00047788
BY60C-9_page_0474.out,-0.00355243,0.00105507,0.0105799,0.00131405,-2.96E-05,0.000482467
BY60C-9_page_0475.out,-0.00366829,0.00106417,0.0109476,0.00132576,-2.20E-05,0.000467986
BY60C-9_page_0476.out,-0.00375639,0.00105121,0.011297,0.00134236,-3.53E-05,0.00048343
BY60C-9_page_0477.out,-0.00387937,0.001063,0.0116293,0.00137872,-4.39E-05,0.000495748
BY60C-9_page_0478.out,-0.00399242,0.00104521,0.011973,0.00134506,-3.52E-05,0.000487433
BY60C-9_page_0479.out,-0.00410914,0.00106522,0.0123248,0.00138968,-3.34E-05,0.000523593
BY60C-9_page_0480.out,-0.00421508,0.00105427,0.0126607,0.001408,-4.93E-05,0.000514227
BY60C-9_page_0481.out,-0.00432757,0.00105028,0.0130146,0.0014032,-4.79E-05,0.000514506
BY60C-9_page_0482.out,-0.0044488,0.0010734,0.013343,0.00141498,-6.55E-05,0.000515448
BY60C-9_page_0483.out,-0.0045328,0.00104539,0.0136799,0.00145323,-5.70E-05,0.000516233
BY60C-9_page_0484.out,-0.00464529,0.00107481,0.0140216,0.00143946,-5.22E-05,0.000527075
BY60C-9_page_0485.out,-0.00477656,0.00108681,0.0143675,0.00146988,-4.88E-05,0.000534192
BY60C-9_page_0486.out,-0.00486424,0.00107332,0.0147018,0.0015073,-5.87E-05,0.000532908
BY60C-9_page_0487.out,-0.00497715,0.00110831,0.0150625,0.00149581,-6.20E-05,0.00053966
BY60C-9_page_0488.out,-0.00510674,0.00113348,0.0153862,0.00149271,-5.31E-05,0.000562144
BY60C-9_page_0489.out,-0.005217,0.00115035,0.0157483,0.00155335,-7.00E-05,0.000554322
BY60C-9_page_0490.out,-0.00530074,0.00112278,0.0160846,0.00152895,-6.56E-05,0.000553299
BY60C-9_page_0491.out,-0.00544032,0.00115745,0.0164413,0.00154742,-7.18E-05,0.00057782
BY60C-9_page_0492.out,-0.00554225,0.0011899,0.0167724,0.00160154,-6.37E-05,0.000558118
BY60C-9_page_0493.out,-0.00564898,0.00115229,0.017124,0.0016235,-8.32E-05,0.00057056
BY60C-9_page_0494.out,-0.00576687,0.00117979,0.0174802,0.00162758,-8.49E-05,0.000585821
BY60C-9_page_0495.out,-0.00587334,0.00118436,0.0178292,0.00167726,-9.39E-05,0.000563922
BY60C-9_page_0496.out,-0.0059892,0.00120904,0.0182223,0.0017058,-8.35E-05,0.000588122
BY60C-9_page_0497.out,-0.00611601,0.00122748,0.0185995,0.00172829,-0.000108085,0.000615086
BY60C-9_page_0498.out,-0.0062378,0.00122012,0.0189638,0.00181493,-0.000111762,0.000593118
BY60C-9_page_0499.out,-0.0063548,0.00123765,0.0193585,0.00182346,-9.69E-05,0.000611357
BY60C-9_page_0500.out,-0.00646213,0.00126815,0.0196858,0.00185965,-9.78E-05,0.000619698
BY60C-9_page_0501.out,-0.00639424,0.00125705,0.0194714,0.00188653,-9.99E-05,0.000608456
BY60C-9_page_0502.out,-0.00628296,0.00123748,0.0191538,0.00190519,-0.000102287,0.000596514
BY60C-9_page_0503.out,-0.0062075,0.00127338,0.018858,0.00190848,-0.000102153,0.000624783
BY60C-9_page_0504.out,-0.00610947,0.00125573,0.0185551,0.00188991,-9.75E-05,0.000629587
BY60C-9_page_0505.out,-0.00601449,0.00124551,0.0182395,0.00190818,-8.77E-05,0.000595351
BY60C-9_page_0506.out,-0.00593029,0.00125739,0.0178948,0.00188582,-7.62E-05,0.000608031
BY60C-9_page_0507.out,-0.00584476,0.00126704,0.0176082,0.00187369,-8.56E-05,0.000602702
BY60C-9_page_0508.out,-0.0057221,0.00123571,0.017275,0.00184308,-7.45E-05,0.000579474
BY60C-9_page_0509.out,-0.00561868,0.00122959,0.0169619,0.0018672,-5.89E-05,0.000562495
BY60C-9_page_0510.out,-0.00550187,0.0012398,0.0166492,0.00184536,-7.33E-05,0.000587005
BY60C-9_page_0511.out,-0.00542056,0.00120214,0.0163226,0.00180308,-6.64E-05,0.000571604
BY60C-9_page_0512.out,-0.00529838,0.00118685,0.0159811,0.00181738,-6.34E-05,0.000567909
BY60C-9_page_0513.out,-0.00518945,0.00122768,0.0156561,0.00180119,-5.38E-05,0.000560817
BY60C-9_page_0514.out,-0.00510909,0.00118511,0.015307,0.00177696,-6.63E-05,0.000568917
BY60C-9_page_0515.out,-0.00496579,0.00120036,0.0149789,0.00178612,-6.39E-05,0.00054914
BY60C-9_page_0516.out,-0.0048641,0.00118391,0.0146263,0.00178572,-5.84E-05,0.000559528
BY60C-9_page_0517.out,-0.00478188,0.00120722,0.0142901,0.0017465,-4.77E-05,0.00055075
BY60C-9_page_0518.out,-0.00465862,0.00121336,0.0139468,0.00175875,-3.98E-05,0.000550136
BY60C-9_page_0519.out,-0.00454037,0.00120284,0.0135974,0.00170869,-3.39E-05,0.000546849
BY60C-9_page_0520.out,-0.00444087,0.00122961,0.0132482,0.00173321,-4.24E-05,0.000523395
BY60C-9_page_0521.out,-0.0043039,0.00118898,0.0129095,0.00171011,-3.33E-05,0.000522342
BY60C-9_page_0522.out,-0.00419513,0.00119763,0.0125412,0.00169763,-3.12E-05,0.000531513
BY60C-9_page_0523.out,-0.00408459,0.00122902,0.0121764,0.00166972,-2.84E-05,0.000520395
BY60C-9_page_0524.out,-0.00397926,0.00121547,0.0118038,0.00166634,-3.31E-05,0.000523595
BY60C-9_page_0525.out,-0.00387345,0.00121624,0.0114535,0.00164831,-2.21E-05,0.00054251
BY60C-9_page_0526.out,-0.00375789,0.00118607,0.0110796,0.00161882,-8.86E-06,0.0005229
BY60C-9_page_0527.out,-0.00362657,0.00118063,0.0107176,0.00161973,-2.34E-05,0.0005161
BY60C-9_page_0528.out,-0.00351037,0.00116613,0.0103446,0.00159434,-2.14E-05,0.000514911
BY60C-9_page_0529.out,-0.00339576,0.0011793,0.00995323,0.0015535,-1.39E-05,0.000507746
BY60C-9_page_0530.out,-0.00329375,0.0011803,0.00957595,0.00155178,-1.58E-06,0.000517184
BY60C-9_page_0531.out,-0.00315749,0.00116871,0.00920211,0.00151677,-1.68E-05,0.00050894
BY60C-9_page_0532.out,-0.00303704,0.00114109,0.00882885,0.00151972,-1.35E-05,0.000525062
BY60C-9_page_0533.out,-0.00291739,0.00114599,0.00845741,0.00151087,-3.41E-06,0.000491376
BY60C-9_page_0534.out,-0.00282398,0.00118333,0.00806209,0.0014614,-7.81E-06,0.000503584
BY60C-9_page_0535.out,-0.00270082,0.00116893,0.00768466,0.00144943,2.36E-06,0.000500868
BY60C-9_page_0536.out,-0.00258503,0.00114951,0.00733161,0.00141172,-1.60E-06,0.000502049
BY60C-9_page_0537.out,-0.00246791,0.00114405,0.00694764,0.00140343,-5.88E-06,0.000489933
BY60C-9_page_0538.out,-0.00236534,0.00120409,0.00656219,0.001349,3.97E-06,0.000494847
BY60C-9_page_0539.out,-0.00223253,0.00116952,0.00619533,0.00133568,-4.58E-06,0.000490153
BY60C-9_page_0540.out,-0.00210323,0.00117784,0.00581809,0.0012879,1.30E-05,0.000486031
BY60C-9_page_0541.out,-0.00199481,0.00117925,0.00543334,0.00126092,1.52E-05,0.000489499
BY60C-9_page_0542.out,-0.00187928,0.00118344,0.0050757,0.00125581,2.57E-05,0.000504477
BY60C-9_page_0543.out,-0.00192928,0.00117678,0.00525823,0.00127549,2.34E-05,0.000483344
BY60C-9_page_0544.out,-0.00203775,0.00118214,0.00558716,0.00125196,1.64E-05,0.000488154
BY60C-9_page_0545.out,-0.00214655,0.00118962,0.00593206,0.00127595,6.33E-06,0.000505115
BY60C-9_page_0546.out,-0.00224914,0.00117683,0.0063061,0.0012982,-1.02E-05,0.000495569
BY60C-9_page_0547.out,-0.00236684,0.00116213,0.00664578,0.00133294,1.50E-05,0.000499105
BY60C-9_page_0548.out,-0.00246802,0.00116921,0.00700606,0.00136453,2.69E-06,0.000514468
BY60C-9_page_0549.out,-0.00258369,0.00115564,0.00735664,0.00139901,-1.57E-06,0.000501415
BY60C-9_page_0550.out,-0.00269446,0.0011789,0.00771575,0.00143485,-3.03E-06,0.000521459
BY60C-9_page_0551.out,-0.00279351,0.00117823,0.00808992,0.00141503,8.40E-06,0.000511016
BY60C-9_page_0552.out,-0.00291292,0.00120531,0.00844157,0.00146674,-6.98E-06,0.000502113
BY60C-9_page_0553.out,-0.00301613,0.00118255,0.00882127,0.00148131,-1.44E-05,0.000526052
BY60C-9_page_0554.out,-0.00316087,0.00123478,0.00917673,0.00148278,-2.51E-05,0.000515605
BY60C-9_page_0555.out,-0.00326784,0.00123233,0.00954691,0.00151875,4.81E-06,0.000534573
BY60C-9_page_0556.out,-0.00336227,0.00123757,0.00990448,0.00153656,-9.05E-06,0.000523823
BY60C-9_page_0557.out,-0.00350044,0.00126534,0.0102696,0.00155397,-2.16E-05,0.000543174
BY60C-9_page_0558.out,-0.00362826,0.00127811,0.0106159,0.00159603,-2.27E-05,0.000537405
BY60C-9_page_0559.out,-0.00372594,0.00125267,0.010989,0.00161082,-5.57E-06,0.000534015
BY60C-9_page_0560.out,-0.00385498,0.00129919,0.0113561,0.0015989,-3.25E-05,0.000542539
BY60C-9_page_0561.out,-0.00396691,0.00130629,0.0117147,0.00163711,-2.88E-05,0.000559086
BY60C-9_page_0562.out,-0.00408498,0.00128325,0.0120645,0.00164849,-2.80E-05,0.000553784
BY60C-9_page_0563.out,-0.00418379,0.00129067,0.0124269,0.00165563,-3.06E-05,0.000566261
BY60C-9_page_0564.out,-0.00429799,0.00128648,0.0127916,0.00169965,-4.32E-05,0.000563162
BY60C-9_page_0565.out,-0.00440813,0.00128687,0.0131381,0.0016895,-4.63E-05,0.000561015
BY60C-9_page_0566.out,-0.00452092,0.00126112,0.0134927,0.00170885,-3.90E-05,0.000580062
BY60C-9_page_0567.out,-0.00464432,0.00131486,0.0138444,0.0017333,-4.84E-05,0.00058631
BY60C-9_page_0568.out,-0.00476616,0.00129726,0.0141957,0.00176507,-3.97E-05,0.000587773
BY60C-9_page_0569.out,-0.00486717,0.00129863,0.0145585,0.00177436,-4.56E-05,0.000578685
BY60C-9_page_0570.out,-0.00496347,0.00128034,0.0149115,0.00179878,-6.32E-05,0.000578933
BY60C-9_page_0571.out,-0.00508671,0.00131725,0.0152543,0.00181055,-6.09E-05,0.000595019
BY60C-9_page_0572.out,-0.00521498,0.00131568,0.0155807,0.00183564,-4.16E-05,0.000618288
BY60C-9_page_0573.out,-0.00533159,0.00132824,0.01593,0.00187671,-5.81E-05,0.000602763
BY60C-9_page_0574.out,-0.00543287,0.00135876,0.0162838,0.00184271,-6.86E-05,0.000606476
BY60C-9_page_0575.out,-0.00552973,0.00134634,0.0166244,0.00190007,-6.07E-05,0.000626397
BY60C-9_page_0576.out,-0.00564373,0.00137272,0.0169669,0.00193707,-6.17E-05,0.000623775
BY60C-9_page_0577.out,-0.00575521,0.00139552,0.0173315,0.0019244,-7.79E-05,0.000624536
BY60C-9_page_0578.out,-0.00585813,0.00135956,0.0176578,0.00194578,-7.02E-05,0.000645052
BY60C-9_page_0579.out,-0.0059704,0.00138335,0.0180014,0.00198092,-7.40E-05,0.000620673
BY60C-9_page_0580.out,-0.00607381,0.00138268,0.0183794,0.00198113,-8.45E-05,0.000645511
BY60C-9_page_0581.out,-0.00620226,0.0014157,0.018712,0.00201497,-9.28E-05,0.000658729
BY60C-9_page_0582.out,-0.00631094,0.00142836,0.0190597,0.00204684,-9.52E-05,0.000647816
BY60C-9_page_0583.out,-0.00639803,0.00140582,0.0194277,0.00203919,-8.74E-05,0.000645138
BY60C-9_page_0584.out,-0.0065316,0.00144121,0.0197905,0.00209416,-9.84E-05,0.000673479
BY60C-9_page_0585.out,-0.00665335,0.00142661,0.0201323,0.00216124,-0.000106542,0.000656219
BY60C-9_page_0586.out,-0.00678901,0.00145077,0.020532,0.00215129,-0.000100321,0.000658771
BY60C-9_page_0587.out,-0.0068995,0.00145207,0.0209272,0.00219812,-9.91E-05,0.000682352
BY60C-9_page_0588.out,-0.00702488,0.00147932,0.0212983,0.00224606,-0.000104035,0.000684445
BY60C-9_page_0589.out,-0.00716587,0.00147844,0.0217244,0.00228004,-0.000114644,0.000686791
BY60C-9_page_0590.out,-0.007304,0.00150962,0.0221012,0.00238028,-0.000109708,0.00069576
BY60C-9_page_0591.out,-0.00738782,0.00150753,0.022537,0.00243943,-0.000109842,0.000702198
BY60C-9_page_0592.out,-0.00753708,0.00154803,0.0229846,0.00251254,-0.000112195,0.000717041
BY60C-9_page_0593.out,-0.00769388,0.0015815,0.0233756,0.00260339,-9.82E-05,0.000701206
BY60C-9_page_0594.out,-0.0078175,0.00158485,0.0238289,0.00269496,-0.000122007,0.000703453
BY60C-9_page_0595.out,-0.00796754,0.00162435,0.0242546,0.00278572,-0.000108099,0.000735853
BY60C-9_page_0596.out,-0.00811029,0.00169192,0.0247021,0.00287934,-0.000112608,0.00072471
BY60C-9_page_0597.out,-0.00823489,0.00168378,0.0251468,0.00299773,-0.000121776,0.000763143
BY60C-9_page_0598.out,-0.00836116,0.0017117,0.0255703,0.00312639,-0.000116817,0.000762194
BY60C-9_page_0599.out,-0.00852385,0.00174593,0.0260192,0.00317693,-0.000123792,0.000747896
BY60C-9_page_0600.out,-0.00866108,0.00178173,0.0264803,0.0033178,-0.000103862,0.00078784
BY60C-9_page_0601.out,-0.00877866,0.00183123,0.0268393,0.00343516,-0.00013095,0.000800542
BY60C-9_page_0602.out,-0.0087093,0.00183428,0.0265998,0.00348286,-0.000120076,0.000792504
BY60C-9_page_0603.out,-0.00862753,0.00184953,0.0263003,0.00349133,-0.000119927,0.000760096
BY60C-9_page_0604.out,-0.00851909,0.0018248,0.0259819,0.00346558,-0.00011819,0.000761914
BY60C-9_page_0605.out,-0.00841578,0.00182628,0.0256621,0.00348073,-0.000114362,0.00074797
BY60C-9_page_0606.out,-0.00831113,0.00181997,0.0253383,0.00345007,-0.000113035,0.000755455
BY60C-9_page_0607.out,-0.00821694,0.00181857,0.0250415,0.00345002,-0.000126722,0.000738145
BY60C-9_page_0608.out,-0.00812098,0.00178952,0.0247018,0.00344878,-0.000110635,0.000744702
BY60C-9_page_0609.out,-0.00801525,0.00178994,0.0243548,0.00342214,-0.000101712,0.000735681
BY60C-9_page_0610.out,-0.00790583,0.00177755,0.0240437,0.00339594,-9.93E-05,0.000734513
BY60C-9_page_0611.out,-0.00781669,0.00177548,0.0237057,0.00339132,-0.000114603,0.000708946
BY60C-9_page_0612.out,-0.00769937,0.00176227,0.0233732,0.00339609,-9.33E-05,0.000731347
BY60C-9_page_0613.out,-0.00758459,0.00175746,0.0230345,0.00335819,-9.96E-05,0.000736742
BY60C-9_page_0614.out,-0.00748735,0.00177519,0.0226876,0.00332256,-9.58E-05,0.000732693
BY60C-9_page_0615.out,-0.00737239,0.00172084,0.0223339,0.00332797,-9.13E-05,0.000727954
BY60C-9_page_0616.out,-0.0072837,0.00174166,0.0219928,0.00328446,-8.80E-05,0.000711225
BY60C-9_page_0617.out,-0.00716889,0.00175202,0.0216416,0.0033019,-7.18E-05,0.00070953
BY60C-9_page_0618.out,-0.00706368,0.00175669,0.0212967,0.00327621,-8.05E-05,0.000711997
BY60C-9_page_0619.out,-0.00694913,0.0017534,0.0209487,0.00326303,-6.59E-05,0.000699845
BY60C-9_page_0620.out,-0.00682724,0.00174218,0.0205895,0.00321336,-8.31E-05,0.000688406
BY60C-9_page_0621.out,-0.00672889,0.00176832,0.0202113,0.00319748,-7.91E-05,0.00070083
BY60C-9_page_0622.out,-0.00662216,0.00174436,0.0198507,0.00316012,-6.53E-05,0.00070069
BY60C-9_page_0623.out,-0.00649357,0.00172706,0.0194937,0.00315567,-7.26E-05,0.000669075
BY60C-9_page_0624.out,-0.00635996,0.00170568,0.0191235,0.0031384,-6.81E-05,0.000664152
BY60C-9_page_0625.out,-0.00626844,0.00170293,0.0187471,0.00310319,-6.65E-05,0.000694128
BY60C-9_page_0626.out,-0.00614151,0.00169578,0.0183554,0.00307271,-5.48E-05,0.000657175
BY60C-9_page_0627.out,-0.00600786,0.00169463,0.0179863,0.00305181,-6.58E-05,0.000677532
BY60C-9_page_0628.out,-0.00586947,0.00168397,0.0176072,0.0030203,-5.06E-05,0.000669193
BY60C-9_page_0629.out,-0.00576622,0.00164817,0.0172102,0.00299754,-4.04E-05,0.00065971
BY60C-9_page_0630.out,-0.00564258,0.00166086,0.0168325,0.00295761,-5.94E-05,0.000657153
BY60C-9_page_0631.out,-0.00553413,0.00165688,0.0164466,0.00289325,-5.47E-05,0.000653612
BY60C-9_page_0632.out,-0.00540612,0.00163275,0.0160704,0.0028975,-4.19E-05,0.000637346
BY60C-9_page_0633.out,-0.00529989,0.00165527,0.0156757,0.00285751,-3.17E-05,0.000635813
BY60C-9_page_0634.out,-0.00515952,0.00164001,0.0152995,0.00281042,-3.20E-05,0.00064645
BY60C-9_page_0635.out,-0.00504875,0.0016463,0.0149112,0.00280349,-4.09E-05,0.000637848
BY60C-9_page_0636.out,-0.00492696,0.001643,0.0145115,0.0027768,-1.67E-05,0.000614247
BY60C-9_page_0637.out,-0.00480964,0.00163821,0.0141139,0.00271791,-2.42E-05,0.000634276
BY60C-9_page_0638.out,-0.00468661,0.00162825,0.0137219,0.00265672,-2.28E-05,0.000621278
BY60C-9_page_0639.out,-0.00454164,0.00158669,0.013321,0.00264484,-2.00E-05,0.000601726
BY60C-9_page_0640.out,-0.00443827,0.00160136,0.0129224,0.00257798,-1.92E-05,0.000613267
BY60C-9_page_0641.out,-0.00432003,0.00157962,0.0125372,0.00253953,-1.90E-05,0.000592406
BY60C-9_page_0642.out,-0.00417992,0.00159405,0.0121146,0.00249717,-1.20E-05,0.000585618
BY60C-9_page_0643.out,-0.0040494,0.00156274,0.0117131,0.002421,-1.87E-05,0.00059488
BY60C-9_page_0644.out,-0.0039327,0.00154497,0.011308,0.00241133,-1.62E-05,0.000581623
BY60C-9_page_0645.out,-0.00381883,0.00153944,0.0108943,0.00240045,-1.30E-05,0.000592186
BY60C-9_page_0646.out,-0.0036427,0.00151888,0.0104988,0.00230463,-1.34E-05,0.000595251
BY60C-9_page_0647.out,-0.00352899,0.00150984,0.0101026,0.00223265,-1.04E-05,0.000569687
BY60C-9_page_0648.out,-0.00340736,0.00150017,0.00968991,0.00220914,-2.46E-07,0.000574832
BY60C-9_page_0649.out,-0.00328027,0.00148769,0.00927927,0.00214894,1.15E-05,0.000593315
BY60C-9_page_0650.out,-0.00317202,0.00149534,0.00887379,0.00209466,3.98E-06,0.000578467
BY60C-9_page_0651.out,-0.00302802,0.00148457,0.00848094,0.00207346,1.78E-07,0.000568043
BY60C-9_page_0652.out,-0.00291046,0.00148278,0.00808307,0.00198725,1.38E-05,0.000571786
BY60C-9_page_0653.out,-0.0028359,0.00147913,0.00783887,0.00194982,2.61E-05,0.000572296
BY60C-9_page_0654.out,-0.00291849,0.00147021,0.00818877,0.00198541,6.12E-06,0.000565854
BY60C-9_page_0655.out,-0.00302683,0.00147715,0.00853287,0.00204197,5.71E-06,0.000591958
BY60C-9_page_0656.out,-0.00314555,0.00149195,0.00890812,0.00206647,-4.75E-06,0.000564322
BY60C-9_page_0657.out,-0.00325697,0.00150855,0.0092803,0.00209846,-1.52E-07,0.000593436
BY60C-9_page_0658.out,-0.00337507,0.00151972,0.00964625,0.00216349,3.13E-06,0.000586316
BY60C-9_page_0659.out,-0.00348873,0.0015405,0.0100434,0.00217257,-2.45E-05,0.000568425
BY60C-9_page_0660.out,-0.00360199,0.00152732,0.010428,0.00222613,-2.02E-05,0.000574552
BY60C-9_page_0661.out,-0.00374792,0.00156378,0.0107975,0.00227772,-4.21E-06,0.000586602
BY60C-9_page_0662.out,-0.0038742,0.00157147,0.0112033,0.00231985,-5.90E-06,0.000588242
BY60C-9_page_0663.out,-0.00399662,0.00158107,0.0115936,0.00238266,-1.82E-05,0.000598529
BY60C-9_page_0664.out,-0.00411262,0.00161701,0.0119868,0.00237078,-1.18E-05,0.000597997
BY60C-9_page_0665.out,-0.00423608,0.00163941,0.0123561,0.00244988,-2.34E-05,0.000590286
BY60C-9_page_0666.out,-0.00435218,0.00164446,0.0127455,0.00248129,-1.40E-05,0.000613836
BY60C-9_page_0667.out,-0.00446266,0.00165937,0.0131317,0.00253173,-1.48E-05,0.000593787
BY60C-9_page_0668.out,-0.00458141,0.00168682,0.013505,0.00255737,-2.35E-05,0.000630467
BY60C-9_page_0669.out,-0.00471902,0.00164442,0.0138942,0.00259252,-2.04E-05,0.000629847
BY60C-9_page_0670.out,-0.00482626,0.00164982,0.0142885,0.00265109,-2.30E-05,0.00062408
BY60C-9_page_0671.out,-0.00495686,0.00167604,0.0146529,0.00267384,-2.25E-05,0.000641856
BY60C-9_page_0672.out,-0.00507301,0.00167447,0.0150446,0.00274556,-3.78E-05,0.000636498
BY60C-9_page_0673.out,-0.0051924,0.00169495,0.0154074,0.0027819,-3.27E-05,0.000652994
BY60C-9_page_0674.out,-0.00533104,0.00171799,0.015802,0.00281591,-1.94E-05,0.000683947
BY60C-9_page_0675.out,-0.0054369,0.00170592,0.0161729,0.00282553,-4.55E-05,0.000663777
BY60C-9_page_0676.out,-0.00556144,0.00171451,0.0165568,0.00287579,-5.38E-05,0.000680208
BY60C-9_page_0677.out,-0.0056911,0.00173177,0.0169577,0.00289166,-5.40E-05,0.000648877
BY60C-9_page_0678.out,-0.00580899,0.00174018,0.0173098,0.00292389,-5.44E-05,0.000682302
BY60C-9_page_0679.out,-0.00591175,0.00174304,0.017684,0.00297281,-4.98E-05,0.00069082
BY60C-9_page_0680.out,-0.00603848,0.00177568,0.0180593,0.00299349,-4.92E-05,0.000676202
BY60C-9_page_0681.out,-0.00616716,0.00176549,0.0184493,0.003014,-5.92E-05,0.000696437
BY60C-9_page_0682.out,-0.00628957,0.0018135,0.01881,0.00304813,-6.10E-05,0.000708281
BY60C-9_page_0683.out,-0.00640389,0.00180704,0.0191919,0.00310237,-6.57E-05,0.000706003
BY60C-9_page_0684.out,-0.00652872,0.00184233,0.019549,0.0031137,-6.70E-05,0.000706649
BY60C-9_page_0685.out,-0.00664363,0.00182863,0.0199173,0.00312932,-6.26E-05,0.000716019
BY60C-9_page_0686.out,-0.00676089,0.00183824,0.0202797,0.00318861,-8.03E-05,0.000709716
BY60C-9_page_0687.out,-0.00687689,0.00183866,0.0206663,0.00320196,-7.91E-05,0.000717558
BY60C-9_page_0688.out,-0.00698357,0.00186178,0.0210262,0.00322462,-6.68E-05,0.000733918
BY60C-9_page_0689.out,-0.00710502,0.00186415,0.0213994,0.00328984,-8.07E-05,0.00073594
BY60C-9_page_0690.out,-0.00721402,0.00185546,0.0217532,0.00328926,-9.46E-05,0.000719329
BY60C-9_page_0691.out,-0.00732507,0.00186802,0.0220943,0.00333129,-8.41E-05,0.000753165
BY60C-9_page_0692.out,-0.00743301,0.00186758,0.0224536,0.00337072,-8.66E-05,0.000748442
BY60C-9_page_0693.out,-0.00756939,0.00190552,0.0228368,0.00335395,-9.51E-05,0.000758119
BY60C-9_page_0694.out,-0.00767939,0.00192423,0.0231868,0.00341603,-8.78E-05,0.000753494
BY60C-9_page_0695.out,-0.00779876,0.00193063,0.0235476,0.00344486,-8.57E-05,0.000765051
BY60C-9_page_0696.out,-0.00790709,0.00190503,0.0239077,0.00344643,-9.95E-05,0.000755288
BY60C-9_page_0697.out,-0.00801051,0.00192833,0.0242651,0.00352062,-8.56E-05,0.000780401
BY60C-9_page_0698.out,-0.00813664,0.00193833,0.0246289,0.00353392,-0.000100079,0.000768092
BY60C-9_page_0699.out,-0.00825623,0.00196838,0.0250205,0.00358226,-0.000108213,0.000780403
BY60C-9_page_0700.out,-0.00836444,0.00196918,0.0253637,0.0036462,-9.84E-05,0.000798214
BY60C-9_page_0701.out,-0.00848541,0.00199651,0.0257299,0.00363447,-0.000100652,0.000794928
BY60C-9_page_0702.out,-0.0086258,0.00202399,0.0261171,0.00369582,-0.000105426,0.000811522
BY60C-9_page_0703.out,-0.00873809,0.00202104,0.026497,0.00377241,-0.000104851,0.000813645
BY60C-9_page_0704.out,-0.0088563,0.00203068,0.0268949,0.00380467,-0.000108765,0.000816459
BY60C-9_page_0705.out,-0.00899959,0.00206213,0.0272858,0.0038532,-0.000116723,0.000840947
BY60C-9_page_0706.out,-0.00911412,0.00206148,0.0276645,0.00394887,-0.000119512,0.000850734
BY60C-9_page_0707.out,-0.00925077,0.00210792,0.0280756,0.00401253,-0.00012397,0.000837464
BY60C-9_page_0708.out,-0.00938108,0.0021395,0.0284859,0.00410121,-0.000132711,0.00084653
BY60C-9_page_0709.out,-0.00951433,0.0021574,0.0289074,0.00423805,-0.000128226,0.000856423
BY60C-9_page_0710.out,-0.00965855,0.00218631,0.0293464,0.00432795,-0.000145413,0.000848929
BY60C-9_page_0711.out,-0.00977693,0.00222425,0.0297426,0.0044653,-0.000148098,0.000865901
BY60C-9_page_0712.out,-0.00992514,0.0022434,0.0302094,0.0045636,-0.00013366,0.000855429
BY60C-9_page_0713.out,-0.0100696,0.00229888,0.0306539,0.00473351,-0.00013189,0.00087453
BY60C-9_page_0714.out,-0.0102083,0.00233768,0.0310769,0.00488136,-0.000130492,0.00087826
BY60C-9_page_0715.out,-0.0103456,0.00237389,0.0315466,0.00504884,-0.000142555,0.000870309
BY60C-9_page_0716.out,-0.0104906,0.00244039,0.031984,0.00522387,-0.000138726,0.000902581
BY60C-9_page_0717.out,-0.0106423,0.00252225,0.0324731,0.00540344,-0.000144308,0.00089673
BY60C-9_page_0718.out,-0.0108036,0.00259091,0.0329012,0.00561777,-0.000141655,0.000919827
BY60C-9_page_0719.out,-0.0109405,0.00263759,0.0333717,0.00582633,-0.000140873,0.000907356
BY60C-9_page_0720.out,-0.0110924,0.00270217,0.0338266,0.00607775,-0.000144911,0.000916931
BY60C-9_page_0721.out,-0.011239,0.00276729,0.034289,0.00629109,-0.000136904,0.000929858
BY60C-9_page_0722.out,-0.0112315,0.00282345,0.0342179,0.00644058,-0.000149597,0.000932401
BY60C-9_page_0723.out,-0.0111229,0.00281446,0.0339243,0.00644461,-0.00014264,0.00093996
BY60C-9_page_0724.out,-0.0110378,0.00279903,0.0336139,0.00648584,-0.000132152,0.00092232
BY60C-9_page_0725.out,-0.0109481,0.00279751,0.0332784,0.00645685,-0.000139159,0.000908883
BY60C-9_page_0726.out,-0.0108229,0.00277453,0.0329424,0.00642196,-0.000150834,0.000913152
BY60C-9_page_0727.out,-0.0107277,0.00275917,0.0326138,0.00642806,-0.000127874,0.000916821
BY60C-9_page_0728.out,-0.0106095,0.00276696,0.0322775,0.00641609,-0.000117261,0.000907374
BY60C-9_page_0729.out,-0.0105056,0.00277204,0.0319424,0.00640213,-0.00013946,0.000882595
BY60C-9_page_0730.out,-0.0103912,0.00275674,0.0315844,0.00635219,-0.000130851,0.000897651
BY60C-9_page_0731.out,-0.0102955,0.00274797,0.0312438,0.00631563,-0.000116321,0.000904262
BY60C-9_page_0732.out,-0.0101718,0.00272434,0.0309206,0.00629076,-0.000125706,0.000886984
BY60C-9_page_0733.out,-0.0100644,0.00272577,0.0305498,0.0062506,-0.000115571,0.000875415
BY60C-9_page_0734.out,-0.00996012,0.00274561,0.0302157,0.00623291,-0.000124045,0.00086207
BY60C-9_page_0735.out,-0.00984618,0.00272181,0.0298551,0.00618648,-0.000119011,0.000863541
BY60C-9_page_0736.out,-0.00973946,0.00271268,0.0294853,0.00612709,-0.000111044,0.000878696
BY60C-9_page_0737.out,-0.00963221,0.00269977,0.0291387,0.00613118,-0.000100989,0.000858304
BY60C-9_page_0738.out,-0.00951412,0.00265721,0.0287671,0.00606645,-0.000110606,0.000841433
BY60C-9_page_0739.out,-0.00939611,0.00266239,0.0284102,0.00605826,-0.000105021,0.000847159
BY60C-9_page_0740.out,-0.0093172,0.00266041,0.0280394,0.00603002,-0.000100105,0.000847326
BY60C-9_page_0741.out,-0.00917904,0.00262548,0.0276687,0.00598141,-9.14E-05,0.00080876
BY60C-9_page_0742.out,-0.00904544,0.00260753,0.0273009,0.00592053,-8.24E-05,0.000833042
BY60C-9_page_0743.out,-0.00894347,0.00260222,0.0269329,0.00585908,-7.81E-05,0.000853196
BY60C-9_page_0744.out,-0.00882752,0.00259833,0.0265563,0.00584594,-9.23E-05,0.000815297
BY60C-9_page_0745.out,-0.00870341,0.00257079,0.0261691,0.00580811,-6.34E-05,0.000859791
BY60C-9_page_0746.out,-0.00856856,0.00254071,0.025797,0.00576499,-6.27E-05,0.000834718
BY60C-9_page_0747.out,-0.00845752,0.00252917,0.0253972,0.00569835,-8.82E-05,0.000810566
BY60C-9_page_0748.out,-0.00831854,0.00251363,0.0249959,0.00566489,-6.11E-05,0.000834956
BY60C-9_page_0749.out,-0.00820736,0.00250951,0.0246115,0.0056239,-6.93E-05,0.000803375
BY60C-9_page_0750.out,-0.00805484,0.00246678,0.0242405,0.00558497,-5.99E-05,0.000794024
BY60C-9_page_0751.out,-0.00793276,0.00246397,0.0238342,0.00551269,-5.65E-05,0.000801458
BY60C-9_page_0752.out,-0.00782286,0.00244883,0.0234344,0.005449,-6.32E-05,0.000766146
BY60C-9_page_0753.out,-0.00770649,0.00244839,0.0230526,0.00537635,-5.20E-05,0.000786366
BY60C-9_page_0754.out,-0.00757461,0.00240302,0.02265,0.00535323,-3.59E-05,0.000768988
BY60C-9_page_0755.out,-0.00745724,0.00242088,0.0222564,0.00528741,-5.20E-05,0.00076768
BY60C-9_page_0756.out,-0.00731464,0.00239881,0.0218652,0.00522751,-5.54E-05,0.000756659
BY60C-9_page_0757.out,-0.00719771,0.00240383,0.0214357,0.0051804,-4.79E-05,0.000756144
BY60C-9_page_0758.out,-0.00708016,0.00237296,0.0210497,0.00510442,-3.80E-05,0.000773133
BY60C-9_page_0759.out,-0.00694283,0.00233297,0.0206393,0.0050449,-5.34E-05,0.000735473
BY60C-9_page_0760.out,-0.00681654,0.00232808,0.0202432,0.00497848,-4.40E-05,0.000725278
BY60C-9_page_0761.out,-0.00669683,0.00232614,0.0198293,0.00492315,-4.71E-05,0.000762169
BY60C-9_page_0762.out,-0.00655496,0.00228889,0.0194181,0.00483339,-4.43E-05,0.000722571
BY60C-9_page_0763.out,-0.00644434,0.00227255,0.0189967,0.00478164,-3.78E-05,0.000733095
BY60C-9_page_0764.out,-0.00630605,0.00228021,0.0186033,0.00468755,-3.73E-05,0.000744181
BY60C-9_page_0765.out,-0.00617581,0.00221116,0.0181733,0.00464613,-3.06E-05,0.000727516
BY60C-9_page_0766.out,-0.00604197,0.00221379,0.017774,0.00452244,-6.53E-06,0.000740887
BY60C-9_page_0767.out,-0.00591727,0.00220473,0.0173758,0.00449727,-1.75E-05,0.000743159
BY60C-9_page_0768.out,-0.00577639,0.00215614,0.0169366,0.00441365,-3.07E-05,0.000707755
BY60C-9_page_0769.out,-0.0056497,0.00217057,0.0165375,0.00429277,-1.69E-05,0.000711023
BY60C-9_page_0770.out,-0.00551253,0.00214682,0.0161125,0.00424958,-2.23E-06,0.000720342
BY60C-9_page_0771.out,-0.005383,0.00213985,0.0156901,0.00419647,-9.41E-06,0.000693467
BY60C-9_page_0772.out,-0.00526393,0.00212168,0.0152762,0.00406341,-6.47E-06,0.000694896
BY60C-9_page_0773.out,-0.00511505,0.00207882,0.014847,0.00401105,-1.41E-05,0.000687503
BY60C-9_page_0774.out,-0.00498749,0.0020516,0.014445,0.0039223,8.29E-06,0.000699603
BY60C-9_page_0775.out,-0.00486285,0.00202666,0.0140167,0.00383902,4.95E-06,0.000674157
BY60C-9_page_0776.out,-0.00470877,0.00202929,0.013575,0.00375622,3.42E-06,0.000670931
BY60C-9_page_0777.out,-0.00458113,0.0020115,0.0131667,0.00366353,4.14E-06,0.000687602
BY60C-9_page_0778.out,-0.00447667,0.0020044,0.0127287,0.00360231,1.34E-06,0.000653933
BY60C-9_page_0779.out,-0.00434994,0.00200341,0.0123393,0.00350291,3.44E-06,0.000683836
BY60C-9_page_0780.out,-0.00422424,0.00198217,0.0119162,0.00337315,1.86E-05,0.000670964
BY60C-9_page_0781.out,-0.00407697,0.00193977,0.0114979,0.00328658,5.13E-06,0.000656213
BY60C-9_page_0782.out,-0.00394484,0.00193342,0.0111318,0.00322367,1.59E-05,0.000667355
BY60C-9_page_0783.out,-0.00404062,0.00188865,0.0114014,0.00326234,1.40E-05,0.000665601
BY60C-9_page_0784.out,-0.0041593,0.00195097,0.0117786,0.00332032,4.26E-06,0.000656025
BY60C-9_page_0785.out,-0.00426184,0.00196638,0.0121497,0.00336385,1.78E-05,0.000688121
BY60C-9_page_0786.out,-0.00439218,0.00201121,0.0125423,0.00345258,4.04E-06,0.000672468
BY60C-9_page_0787.out,-0.0045081,0.00199846,0.0129424,0.00353323,-3.46E-06,0.000671908
BY60C-9_page_0788.out,-0.00463221,0.0020154,0.0133458,0.00359297,1.48E-05,0.000681178
BY60C-9_page_0789.out,-0.00475347,0.00203207,0.0137463,0.00370224,1.22E-05,0.0006975
BY60C-9_page_0790.out,-0.00489516,0.00206734,0.0141493,0.00375167,7.34E-06,0.000678353
BY60C-9_page_0791.out,-0.00498384,0.00209453,0.0145451,0.00383855,-1.72E-05,0.000720473
BY60C-9_page_0792.out,-0.00512151,0.00209984,0.0149511,0.00392446,-6.25E-07,0.00070381
BY60C-9_page_0793.out,-0.00524434,0.00213206,0.0153776,0.00398574,-1.31E-06,0.000716013
BY60C-9_page_0794.out,-0.0053729,0.00215777,0.0157619,0.00407938,-7.35E-07,0.000711946
BY60C-9_page_0795.out,-0.00548636,0.00214734,0.0161621,0.00413563,-2.12E-05,0.00073264
BY60C-9_page_0796.out,-0.00563335,0.00217629,0.0165882,0.00419538,-8.08E-06,0.000744346
BY60C-9_page_0797.out,-0.00576145,0.00222493,0.0169679,0.00426006,-2.35E-05,0.000730197
BY60C-9_page_0798.out,-0.00590148,0.00221876,0.0173953,0.00435532,-2.54E-05,0.00075797
BY60C-9_page_0799.out,-0.00602233,0.00227505,0.0177888,0.00443307,-3.16E-05,0.000752342
BY60C-9_page_0800.out,-0.00613783,0.00227925,0.018187,0.00450444,-4.85E-05,0.000735635
BY60C-9_page_0801.out,-0.00626681,0.0022752,0.0186144,0.0045472,-3.85E-05,0.000771979
BY60C-9_page_0802.out,-0.00641658,0.00230317,0.0189816,0.00463573,-3.73E-05,0.000754729
BY60C-9_page_0803.out,-0.00654232,0.00234413,0.0193827,0.00468458,-4.11E-05,0.000756994
BY60C-9_page_0804.out,-0.00666003,0.00234797,0.0198067,0.00478268,-4.11E-05,0.000761427
BY60C-9_page_0805.out,-0.00677272,0.00235585,0.0201848,0.00482535,-3.50E-05,0.000778163
BY60C-9_page_0806.out,-0.00689945,0.00239304,0.0205907,0.00489947,-4.19E-05,0.000765703
BY60C-9_page_0807.out,-0.00703722,0.00238937,0.0209783,0.00495745,-4.92E-05,0.000779178
BY60C-9_page_0808.out,-0.00714658,0.00242458,0.0213681,0.00501115,-4.89E-05,0.00079044
BY60C-9_page_0809.out,-0.00725283,0.00244896,0.0217672,0.00505988,-5.59E-05,0.000800331
BY60C-9_page_0810.out,-0.0074036,0.00246711,0.0221644,0.00517267,-5.34E-05,0.000800241
BY60C-9_page_0811.out,-0.00751163,0.00247877,0.0225463,0.00523133,-5.63E-05,0.000811197
BY60C-9_page_0812.out,-0.00764295,0.00246531,0.0229352,0.00526185,-5.48E-05,0.000812444
BY60C-9_page_0813.out,-0.00776603,0.00248647,0.0233215,0.00533001,-5.03E-05,0.000823791
BY60C-9_page_0814.out,-0.00789981,0.0025331,0.0237109,0.00538621,-6.13E-05,0.000836439
BY60C-9_page_0815.out,-0.00800765,0.0025397,0.0241032,0.00544511,-6.60E-05,0.000850089
BY60C-9_page_0816.out,-0.00815741,0.00255581,0.0244794,0.00551377,-5.91E-05,0.000823797
BY60C-9_page_0817.out,-0.00826992,0.00255834,0.0248708,0.00554928,-6.61E-05,0.000861079
BY60C-9_page_0818.out,-0.00839161,0.00260314,0.0252536,0.00561775,-7.88E-05,0.000841581
BY60C-9_page_0819.out,-0.00852215,0.00263542,0.0256483,0.00564825,-7.29E-05,0.000841094
BY60C-9_page_0820.out,-0.00863225,0.00263854,0.0260238,0.00572493,-6.93E-05,0.000859536
BY60C-9_page_0821.out,-0.00876385,0.00266505,0.0264056,0.00577974,-8.44E-05,0.000857837
BY60C-9_page_0822.out,-0.0088862,0.00269002,0.0267895,0.00581856,-8.04E-05,0.000885067
BY60C-9_page_0823.out,-0.00900193,0.00271225,0.027158,0.00584173,-8.63E-05,0.000874284
BY60C-9_page_0824.out,-0.00911517,0.00270508,0.0275346,0.00591817,-7.65E-05,0.000872667
BY60C-9_page_0825.out,-0.00924864,0.00273484,0.0279198,0.00598486,-8.67E-05,0.000890197
BY60C-9_page_0826.out,-0.00934423,0.00275669,0.0282994,0.00603769,-8.89E-05,0.000882933
BY60C-9_page_0827.out,-0.00946446,0.00278038,0.0286686,0.00608093,-9.46E-05,0.000895444
BY60C-9_page_0828.out,-0.00959551,0.00275635,0.0290391,0.00612562,-9.52E-05,0.000916125
BY60C-9_page_0829.out,-0.00971164,0.00278358,0.0294023,0.00616015,-0.000105365,0.000922526
BY60C-9_page_0830.out,-0.00983673,0.00281547,0.0297826,0.00622186,-0.000101242,0.000918213
BY60C-9_page_0831.out,-0.00996429,0.0028423,0.0301631,0.00628177,-9.93E-05,0.000937194
BY60C-9_page_0832.out,-0.0100762,0.00283471,0.0305294,0.00635837,-0.000103678,0.000937279
BY60C-9_page_0833.out,-0.0102105,0.00284335,0.0309056,0.00639335,-0.000103953,0.000926579
BY60C-9_page_0834.out,-0.0103239,0.00286522,0.0312807,0.00647311,-0.000105205,0.000953049
BY60C-9_page_0835.out,-0.0104374,0.00289623,0.0316634,0.00649991,-0.000123906,0.000951173
BY60C-9_page_0836.out,-0.0105743,0.00291565,0.0320456,0.00657291,-0.000107261,0.000948322
BY60C-9_page_0837.out,-0.0106822,0.00292783,0.0324169,0.00666295,-0.000114188,0.000960041
BY60C-9_page_0838.out,-0.0108195,0.00295124,0.0327901,0.00672565,-0.000134883,0.000957529
BY60C-9_page_0839.out,-0.0109524,0.00298766,0.0331808,0.00683647,-0.00012163,0.000949748
BY60C-9_page_0840.out,-0.0110719,0.00304299,0.0335829,0.00693291,-0.000116834,0.000974676
BY60C-9_page_0841.out,-0.0111678,0.00307228,0.0339757,0.00701457,-0.000126023,0.00097437
BY60C-9_page_0842.out,-0.0113217,0.00310022,0.0343824,0.00711716,-0.000122196,0.00100188
BY60C-9_page_0843.out,-0.0114405,0.00312879,0.0347738,0.00726467,-0.000138621,0.000993269
BY60C-9_page_0844.out,-0.0115669,0.00318347,0.0351974,0.00746814,-0.000135641,0.00098953
BY60C-9_page_0845.out,-0.0117117,0.00323498,0.0356068,0.00760583,-0.000148524,0.00101589
BY60C-9_page_0846.out,-0.0118361,0.00328321,0.0360354,0.0077873,-0.000145984,0.00101406
BY60C-9_page_0847.out,-0.0119827,0.00333394,0.0364752,0.0080531,-0.000143023,0.00102398
BY60C-9_page_0848.out,-0.0121436,0.00342871,0.0369015,0.00829224,-0.000140032,0.00102214
BY60C-9_page_0849.out,-0.0122718,0.00349955,0.037314,0.00855873,-0.00013257,0.00103033
BY60C-9_page_0850.out,-0.0124045,0.00356929,0.0377842,0.00882784,-0.000143405,0.00101575
BY60C-9_page_0851.out,-0.0125582,0.00367709,0.0382072,0.00918722,-0.000129669,0.00104095
BY60C-9_page_0852.out,-0.0127152,0.00377302,0.0386653,0.00947051,-0.000152562,0.00101969
BY60C-9_page_0853.out,-0.0128527,0.00388054,0.0391125,0.00986899,-0.000143127,0.00103029
BY60C-9_page_0854.out,-0.0130018,0.00401928,0.0395597,0.0102123,-0.000163805,0.00103561
BY60C-9_page_0855.out,-0.0131505,0.00412556,0.0399963,0.0105627,-0.000146345,0.00105533
BY60C-9_page_0856.out,-0.0132901,0.0042491,0.040444,0.0109684,-0.000153556,0.00104518
BY60C-9_page_0857.out,-0.0134315,0.00440473,0.0408544,0.0113851,-0.000152668,0.00106268
BY60C-9_page_0858.out,-0.0135599,0.00452453,0.0412958,0.0118227,-0.000169699,0.00106089
BY60C-9_page_0859.out,-0.0137123,0.00466507,0.0417311,0.0122458,-0.00016076,0.00106532
BY60C-9_page_0860.out,-0.0137358,0.00476796,0.0417146,0.012549,-0.000169482,0.0010732
BY60C-9_page_0861.out,-0.0136182,0.00477348,0.0413868,0.0125575,-0.00016152,0.00107734
BY60C-9_page_0862.out,-0.0135219,0.00475992,0.0410462,0.0125598,-0.000157731,0.00105178
BY60C-9_page_0863.out,-0.0134343,0.00475534,0.0407348,0.012525,-0.000139445,0.00106198
BY60C-9_page_0864.out,-0.0133257,0.00475361,0.0403942,0.0125045,-0.000140963,0.00104769
BY60C-9_page_0865.out,-0.0132145,0.004736,0.0400526,0.0124364,-0.000138333,0.00104316
BY60C-9_page_0866.out,-0.0131081,0.00471151,0.0396965,0.0124046,-0.000129207,0.00103552
BY60C-9_page_0867.out,-0.0130211,0.00469438,0.0393287,0.012337,-0.00011904,0.00103784
BY60C-9_page_0868.out,-0.012893,0.00465491,0.0389991,0.0122751,-0.000135864,0.00103357
BY60C-9_page_0869.out,-0.0127776,0.00465145,0.038662,0.012192,-0.000130965,0.0010302
BY60C-9_page_0870.out,-0.0126716,0.00460785,0.0382911,0.0121231,-0.000127105,0.00100817
BY60C-9_page_0871.out,-0.0125766,0.00459626,0.037943,0.0120898,-0.000117785,0.00102438
BY60C-9_page_0872.out,-0.0124573,0.00458104,0.0375974,0.0120554,-0.000117146,0.00104414
BY60C-9_page_0873.out,-0.0123412,0.00454267,0.03723,0.011966,-0.000137713,0.00101891
BY60C-9_page_0874.out,-0.0122183,0.00452187,0.0368705,0.0118673,-0.000132395,0.00100409
BY60C-9_page_0875.out,-0.0120889,0.00449673,0.0364798,0.0117727,-0.000119503,0.00102552
BY60C-9_page_0876.out,-0.0119813,0.00444283,0.0361222,0.0117067,-0.000110087,0.000996692
BY60C-9_page_0877.out,-0.0118535,0.00442129,0.0357483,0.0116527,-0.000108523,0.000986755
BY60C-9_page_0878.out,-0.0117433,0.00438796,0.0353477,0.0115518,-9.92E-05,0.000984094
BY60C-9_page_0879.out,-0.0116161,0.00437091,0.0349999,0.0114539,-8.90E-05,0.00100114
BY60C-9_page_0880.out,-0.0114921,0.0043433,0.0345979,0.0113781,-8.26E-05,0.000986882
BY60C-9_page_0881.out,-0.0113608,0.00430202,0.034203,0.0112965,-9.58E-05,0.000972903
BY60C-9_page_0882.out,-0.0112654,0.00430536,0.0338367,0.0112239,-9.34E-05,0.000959922
BY60C-9_page_0883.out,-0.0111256,0.00425678,0.0334404,0.0111425,-9.05E-05,0.00096552
BY60C-9_page_0884.out,-0.0109972,0.00422847,0.0330643,0.0110521,-8.00E-05,0.000984783
BY60C-9_page_0885.out,-0.0108667,0.00419537,0.0326431,0.0109095,-8.52E-05,0.000964933
BY60C-9_page_0886.out,-0.0107595,0.00417502,0.0322561,0.0108345,-8.56E-05,0.00096222
BY60C-9_page_0887.out,-0.0106539,0.00415026,0.0318863,0.0107379,-8.85E-05,0.000954281
BY60C-9_page_0888.out,-0.0104861,0.00409034,0.0314768,0.0106777,-7.79E-05,0.000949439
BY60C-9_page_0889.out,-0.0103772,0.00406265,0.0310836,0.0105402,-7.82E-05,0.000934434
BY60C-9_page_0890.out,-0.0102591,0.00403613,0.0306978,0.0104275,-9.21E-05,0.00092862
BY60C-9_page_0891.out,-0.0101419,0.0039966,0.0302935,0.010348,-8.40E-05,0.000926161
BY60C-9_page_0892.out,-0.00999825,0.00396164,0.0298975,0.0102311,-7.84E-05,0.000923089
BY60C-9_page_0893.out,-0.00985934,0.00392009,0.0294737,0.0101444,-6.30E-05,0.000919659
BY60C-9_page_0894.out,-0.00974487,0.00388985,0.0290796,0.0100299,-6.89E-05,0.000901143
BY60C-9_page_0895.out,-0.00961802,0.00387018,0.028678,0.00990218,-6.38E-05,0.000901761
BY60C-9_page_0896.out,-0.00947971,0.00381048,0.0282454,0.00981241,-5.61E-05,0.000894857
BY60C-9_page_0897.out,-0.00936989,0.00378445,0.0278677,0.00971291,-6.37E-05,0.000891805
BY60C-9_page_0898.out,-0.0092319,0.00376099,0.0274418,0.0095979,-6.03E-05,0.000890172
BY60C-9_page_0899.out,-0.00910672,0.00371769,0.027045,0.00947918,-5.18E-05,0.000891505
BY60C-9_page_0900.out,-0.00895297,0.00367854,0.0266118,0.00933295,-6.40E-05,0.000894178
BY60C-9_page_0901.out,-0.00885964,0.0036743,0.0261878,0.00923731,-4.05E-05,0.000875074
BY60C-9_page_0902.out,-0.00870758,0.00362886,0.0258189,0.00913751,-2.87E-05,0.00088979
BY60C-9_page_0903.out,-0.00857329,0.00357568,0.0253652,0.0090462,-4.51E-05,0.000873993
BY60C-9_page_0904.out,-0.00842879,0.00352928,0.0249683,0.00890511,-4.49E-05,0.000891824
BY60C-9_page_0905.out,-0.0083114,0.00351076,0.0245294,0.00877055,-3.50E-05,0.000889919
BY60C-9_page_0906.out,-0.00816681,0.00346431,0.0241051,0.00867408,-2.36E-05,0.000866164
BY60C-9_page_0907.out,-0.0080132,0.00342592,0.0237206,0.00854392,-2.01E-05,0.000874549
BY60C-9_page_0908.out,-0.00788029,0.00334662,0.0232845,0.00842509,-1.87E-05,0.000854122
BY60C-9_page_0909.out,-0.00774477,0.00335305,0.022856,0.00829353,-1.59E-05,0.000855263
BY60C-9_page_0910.out,-0.00764126,0.00329645,0.0224379,0.00817356,-2.79E-05,0.000839788
BY60C-9_page_0911.out,-0.00748289,0.00327074,0.022023,0.00807974,-1.95E-05,0.00082424
BY60C-9_page_0912.out,-0.00735156,0.00323099,0.0216188,0.00788242,-2.24E-05,0.000823173
BY60C-9_page_0913.out,-0.0072146,0.00318128,0.0211462,0.00780186,-2.74E-05,0.000816239
BY60C-9_page_0914.out,-0.00708535,0.00316296,0.0207351,0.00765302,-1.35E-05,0.000823901
BY60C-9_page_0915.out,-0.00692761,0.00310192,0.0203257,0.00750983,-1.47E-05,0.00079743
BY60C-9_page_0916.out,-0.00681072,0.00309175,0.0198938,0.00739824,-2.05E-05,0.000808883
BY60C-9_page_0917.out,-0.00667737,0.00304001,0.01948,0.00723721,-1.29E-05,0.000823466
BY60C-9_page_0918.out,-0.00654162,0.00301802,0.0190121,0.0070978,-1.89E-05,0.000806634
BY60C-9_page_0919.out,-0.0064082,0.00300583,0.018617,0.00696281,-1.27E-05,0.000826027
BY60C-9_page_0920.out,-0.00627864,0.0029634,0.0181739,0.00682886,-9.04E-06,0.000810028
BY60C-9_page_0921.out,-0.00613583,0.00292146,0.0177508,0.00670297,-5.92E-07,0.000801617
BY60C-9_page_0922.out,-0.00601102,0.00291611,0.0173317,0.0065296,-1.05E-05,0.000800839
BY60C-9_page_0923.out,-0.00586501,0.00286986,0.0168933,0.00643267,-1.99E-06,0.000795414
BY60C-9_page_0924.out,-0.00571848,0.00284094,0.0164955,0.00626106,4.61E-06,0.000799817
BY60C-9_page_0925.out,-0.00560051,0.00277116,0.0160174,0.0061613,6.79E-06,0.00078617
BY60C-9_page_0926.out,-0.00545598,0.00273053,0.015625,0.00599355,-4.57E-07,0.000786952
BY60C-9_page_0927.out,-0.00534411,0.00274118,0.015202,0.00587945,1.16E-05,0.000770685
BY60C-9_page_0928.out,-0.00518276,0.00266629,0.0147631,0.0057259,4.16E-06,0.000767618
BY60C-9_page_0929.out,-0.005178,0.00265428,0.0147682,0.00573631,1.05E-05,0.000774663
BY60C-9_page_0930.out,-0.00530725,0.00269837,0.0151631,0.0057794,1.09E-06,0.00077647
BY60C-9_page_0931.out,-0.00542149,0.00275518,0.0155675,0.00585213,1.79E-05,0.000786607
BY60C-9_page_0932.out,-0.00555196,0.00275964,0.0159371,0.00599621,5.25E-06,0.0008051
BY60C-9_page_0933.out,-0.00566171,0.00280407,0.0163566,0.00607434,4.85E-06,0.000809012
BY60C-9_page_0934.out,-0.0058077,0.00283692,0.0167472,0.0061837,6.98E-06,0.000800253
BY60C-9_page_0935.out,-0.00593479,0.00287822,0.0171382,0.00630965,2.26E-06,0.000814137
BY60C-9_page_0936.out,-0.00606375,0.00292117,0.0175942,0.00643035,-4.27E-06,0.000816107
BY60C-9_page_0937.out,-0.00618411,0.00293386,0.0179834,0.00661831,-8.36E-08,0.000811796
BY60C-9_page_0938.out,-0.00631143,0.00295671,0.0184102,0.00668405,-1.19E-05,0.000816927
BY60C-9_page_0939.out,-0.00644038,0.00298715,0.0188156,0.00683311,-6.53E-06,0.000813835
BY60C-9_page_0940.out,-0.00657091,0.00302312,0.0192125,0.00696318,-1.03E-05,0.000830711
BY60C-9_page_0941.out,-0.00671009,0.00305261,0.0196557,0.00706552,8.44E-07,0.000830324
BY60C-9_page_0942.out,-0.00682565,0.00309177,0.0200517,0.00723225,-2.75E-05,0.000839171
BY60C-9_page_0943.out,-0.00695434,0.00308497,0.020471,0.00735914,-1.07E-05,0.000846893
BY60C-9_page_0944.out,-0.00709697,0.00315273,0.020863,0.0074948,-1.76E-05,0.000838023
BY60C-9_page_0945.out,-0.00722611,0.00317778,0.0212824,0.00764853,-3.14E-05,0.000832461
BY60C-9_page_0946.out,-0.00735011,0.00322119,0.0217182,0.00775377,-1.97E-05,0.000852862
BY60C-9_page_0947.out,-0.0074947,0.00326564,0.0220967,0.00792657,-1.97E-05,0.000854387
BY60C-9_page_0948.out,-0.00761017,0.00330479,0.0225139,0.00798321,-2.39E-05,0.000861668
BY60C-9_page_0949.out,-0.00774619,0.00334901,0.0229048,0.00814686,-1.77E-05,0.000877849
BY60C-9_page_0950.out,-0.00786992,0.00338844,0.0233273,0.00827922,-4.05E-05,0.000874961
BY60C-9_page_0951.out,-0.00801418,0.00343225,0.023754,0.0083762,-2.35E-05,0.000897996
BY60C-9_page_0952.out,-0.00815266,0.00348044,0.0241376,0.00853935,-3.73E-05,0.000895763
BY60C-9_page_0953.out,-0.00828171,0.0035198,0.0245518,0.00862792,-3.69E-05,0.00090031
BY60C-9_page_0954.out,-0.00841713,0.00356345,0.0249556,0.0087286,-4.15E-05,0.000900401
BY60C-9_page_0955.out,-0.00854353,0.00359174,0.0253639,0.00888037,-5.04E-05,0.000897215
BY60C-9_page_0956.out,-0.0086789,0.00363451,0.0257939,0.00898755,-3.83E-05,0.000930463
BY60C-9_page_0957.out,-0.00881127,0.00365762,0.0261635,0.00911276,-5.27E-05,0.000893956
BY60C-9_page_0958.out,-0.00893008,0.00369572,0.0265747,0.00920391,-7.18E-05,0.000914045
BY60C-9_page_0959.out,-0.00905506,0.00372607,0.0269733,0.00930834,-6.59E-05,0.000894233
BY60C-9_page_0960.out,-0.00918939,0.00375979,0.0273825,0.00945645,-5.75E-05,0.000917091
BY60C-9_page_0961.out,-0.00930774,0.00380529,0.0277989,0.00954167,-6.30E-05,0.0009307
BY60C-9_page_0962.out,-0.0094227,0.00381979,0.028171,0.00967036,-6.38E-05,0.000918311
BY60C-9_page_0963.out,-0.00955305,0.00385423,0.0285923,0.00974931,-8.04E-05,0.000916451
BY60C-9_page_0964.out,-0.00966292,0.00390957,0.0289736,0.00984818,-7.33E-05,0.000933662
BY60C-9_page_0965.out,-0.00979836,0.00393842,0.0293956,0.0100102,-8.28E-05,0.000934998
BY60C-9_page_0966.out,-0.00994636,0.0039812,0.0297897,0.0100827,-8.54E-05,0.000948853
BY60C-9_page_0967.out,-0.0100649,0.00401138,0.0301789,0.0102123,-5.87E-05,0.000979342
BY60C-9_page_0968.out,-0.0101683,0.00404209,0.0305707,0.0102684,-8.08E-05,0.000976441
BY60C-9_page_0969.out,-0.0103184,0.00407847,0.030968,0.0103682,-7.49E-05,0.000987814
BY60C-9_page_0970.out,-0.0104717,0.00411472,0.0313433,0.0105402,-6.37E-05,0.000977679
BY60C-9_page_0971.out,-0.010572,0.00416107,0.0317588,0.0106169,-7.61E-05,0.0010088
BY60C-9_page_0972.out,-0.0107251,0.00419277,0.0321209,0.0106979,-7.37E-05,0.000993739
BY60C-9_page_0973.out,-0.0108309,0.00422506,0.0325063,0.010784,-8.11E-05,0.000995572
BY60C-9_page_0974.out,-0.0109438,0.00423789,0.0329029,0.0109214,-8.67E-05,0.00100825
BY60C-9_page_0975.out,-0.0110808,0.00428075,0.0332849,0.0110505,-8.13E-05,0.00100327
BY60C-9_page_0976.out,-0.0112,0.00432774,0.0336872,0.0111346,-9.01E-05,0.00101395
BY60C-9_page_0977.out,-0.0113335,0.00435709,0.0340546,0.0112245,-9.96E-05,0.00100067
BY60C-9_page_0978.out,-0.0114308,0.00437329,0.0344601,0.0113085,-9.75E-05,0.00102078
BY60C-9_page_0979.out,-0.0115775,0.00440592,0.0348532,0.0114526,-0.000101845,0.00103612
BY60C-9_page_0980.out,-0.0117007,0.00445007,0.0352324,0.0115582,-0.000104056,0.00103314
BY60C-9_page_0981.out,-0.0118312,0.00448644,0.0356218,0.0116241,-0.000111204,0.00103876
BY60C-9_page_0982.out,-0.0119437,0.00453173,0.0360008,0.0116976,-0.000104178,0.00105269
BY60C-9_page_0983.out,-0.0120814,0.0045806,0.0363743,0.0117992,-0.000111033,0.0010657
BY60C-9_page_0984.out,-0.0122147,0.00460134,0.0367893,0.0119371,-0.000121867,0.00106783
BY60C-9_page_0985.out,-0.0123217,0.00464156,0.0371718,0.0120565,-0.000131316,0.00106293
BY60C-9_page_0986.out,-0.0124695,0.00469326,0.0375478,0.0121418,-0.000116428,0.00108731
BY60C-9_page_0987.out,-0.0125775,0.0047341,0.0379161,0.0122601,-0.000129918,0.00107804
BY60C-9_page_0988.out,-0.0126993,0.00478687,0.038313,0.012395,-0.000131708,0.00105913
BY60C-9_page_0989.out,-0.0128294,0.00481106,0.0386832,0.0125215,-0.000129269,0.00107915
BY60C-9_page_0990.out,-0.0129517,0.00488487,0.039074,0.0126516,-0.000137897,0.0010766
BY60C-9_page_0991.out,-0.0130877,0.00494608,0.0394736,0.012796,-0.000142601,0.00109075
BY60C-9_page_0992.out,-0.013222,0.00496858,0.0398638,0.0129682,-0.00014334,0.00109398
BY60C-9_page_0993.out,-0.0133182,0.00501992,0.0402528,0.0131142,-0.000133633,0.00108075
BY60C-9_page_0994.out,-0.0134604,0.00510316,0.0406435,0.0133208,-0.000161953,0.00108405
BY60C-9_page_0995.out,-0.0135972,0.00514886,0.0410444,0.0135945,-0.000159186,0.00111194
BY60C-9_page_0996.out,-0.0137029,0.00519775,0.0414716,0.0137775,-0.000162284,0.00109882
BY60C-9_page_0997.out,-0.013827,0.00527437,0.0418428,0.0140295,-0.000159592,0.00110762
BY60C-9_page_0998.out,-0.0139823,0.00538218,0.0422698,0.0143456,-0.00015145,0.00113454
BY60C-9_page_0999.out,-0.0140945,0.00547373,0.0426722,0.0146099,-0.000175984,0.00112937
BY60C-9_page_1000.out,-0.0142682,0.00557991,0.0430503,0.0149391,-0.000155587,0.00114041
BY60C-9_page_1001.out,-0.014392,0.00571837,0.0434745,0.0153122,-0.00018394,0.00116178
BY60C-9_page_1002.out,-0.0145385,0.00583074,0.0438686,0.0156658,-0.000173187,0.00115783
BY60C-9_page_1003.out,-0.0146878,0.00598168,0.0442603,0.01609,-0.000169454,0.00116481
BY60C-9_page_1004.out,-0.0148084,0.00610435,0.0446628,0.0165193,-0.000173254,0.0011508
BY60C-9_page_1005.out,-0.0149283,0.00625079,0.0450637,0.0169773,-0.000168284,0.00115701
BY60C-9_page_1006.out,-0.0150598,0.00639322,0.0454461,0.0174764,-0.000175365,0.00117498
BY60C-9_page_1007.out,-0.0152085,0.00654196,0.0458009,0.0179296,-0.00016097,0.00118727
BY60C-9_page_1008.out,-0.0153264,0.00674287,0.0461573,0.0183651,-0.000182696,0.00117897
BY60C-9_page_1009.out,-0.0154644,0.00691962,0.0465515,0.0189543,-0.000183561,0.00119723
BY60C-9_page_1010.out,-0.0155897,0.00709922,0.0469031,0.0194011,-0.000181357,0.00119922
BY60C-9_page_1011.out,-0.0157279,0.00726265,0.0472593,0.0199193,-0.000210618,0.00121332
BY60C-9_page_1012.out,-0.0158596,0.00745301,0.0476145,0.0205159,-0.000192204,0.00121686
BY60C-9_page_1013.out,-0.0159742,0.0076127,0.0479627,0.0210729,-0.000211706,0.00120271
BY60C-9_page_1014.out,-0.0161,0.00780382,0.0483001,0.0216126,-0.000210034,0.00121328
BY60C-9_page_1015.out,-0.0162441,0.00801242,0.0486476,0.0221592,-0.000216587,0.00123721
BY60C-9_page_1016.out,-0.0163487,0.00819514,0.0489838,0.0228061,-0.000221255,0.00123809
BY60C-9_page_1017.out,-0.016456,0.00839609,0.0493065,0.0233004,-0.000230314,0.0012553
BY60C-9_page_1018.out,-0.0165919,0.00858152,0.0496399,0.0239291,-0.000243138,0.00125215
BY60C-9_page_1019.out,-0.0167103,0.0087663,0.0499306,0.0244648,-0.000239833,0.00125191
BY60C-9_page_1020.out,-0.0168176,0.00895843,0.0501907,0.0249508,-0.000251004,0.00128617
BY60C-9_page_1021.out,-0.0169374,0.00913163,0.0504821,0.0254843,-0.000258075,0.00127652
BY60C-9_page_1022.out,-0.0170339,0.00930034,0.0507543,0.0260094,-0.000248868,0.00130191
BY60C-9_page_1023.out,-0.0171426,0.00949834,0.0510676,0.0265499,-0.000255929,0.00132555
BY60C-9_page_1024.out,-0.0172542,0.0097062,0.0513552,0.027137,-0.00028951,0.0013157
BY60C-9_page_1025.out,-0.0173652,0.00989303,0.0516331,0.0277244,-0.000285291,0.00131954
BY60C-9_page_1026.out,-0.0174807,0.0100972,0.0519342,0.0282639,-0.000274917,0.00134609
BY60C-9_page_1027.out,-0.0175872,0.0102757,0.0522469,0.0289073,-0.000293699,0.00136904
BY60C-9_page_1028.out,-0.0177029,0.0104872,0.0525435,0.0294939,-0.000309811,0.00136813
BY60C-9_page_1029.out,-0.0178184,0.0106822,0.0528589,0.0301627,-0.000301524,0.00139695
BY60C-9_page_1030.out,-0.0179599,0.0109162,0.0532176,0.0307967,-0.000312513,0.00141019
BY60C-9_page_1031.out,-0.0180779,0.0111507,0.0535644,0.0315205,-0.000329013,0.00142048
BY60C-9_page_1032.out,-0.0182151,0.0114201,0.0539549,0.0322719,-0.000337364,0.00143859
BY60C-9_page_1033.out,-0.0183672,0.0116692,0.0543476,0.0330645,-0.000336562,0.00149083
BY60C-9_page_1034.out,-0.0185128,0.0119322,0.0547257,0.0337947,-0.000347666,0.00152436
BY60C-9_page_1035.out,-0.0186589,0.0121688,0.0551052,0.0345766,-0.000371273,0.00153383
BY60C-9_page_1036.out,-0.0188208,0.0124663,0.0555161,0.035429,-0.000407142,0.00158503
BY60C-9_page_1037.out,-0.0189943,0.0127887,0.0559766,0.0364206,-0.000403648,0.00163598
BY60C-9_page_1038.out,-0.0191649,0.0131037,0.0564453,0.0373815,-0.000430463,0.00168019
BY60C-9_page_1039.out,-0.0193084,0.0134226,0.0569464,0.038423,-0.000448849,0.00170853
BY60C-9_page_1040.out,-0.0195001,0.0137693,0.0574067,0.0394096,-0.000446312,0.00172818
BY60C-9_page_1041.out,-0.0196406,0.0140992,0.057911,0.0404998,-0.000446088,0.00177518
BY60C-9_page_1042.out,-0.0198176,0.0144489,0.0583865,0.0414633,-0.000442752,0.00182335
BY60C-9_page_1043.out,-0.0200037,0.0147955,0.0588995,0.0426025,-0.000463613,0.00181204
BY60C-9_page_1044.out,-0.0201522,0.0150984,0.0593606,0.0436654,-0.000463487,0.0018545
BY60C-9_page_1045.out,-0.0203223,0.0154199,0.0598668,0.0447527,-0.000465632,0.00188346
BY60C-9_page_1046.out,-0.0204681,0.0157606,0.0603094,0.0458006,-0.000475623,0.00188634
BY60C-9_page_1047.out,-0.0206371,0.0160776,0.0607785,0.0468614,-0.000476792,0.00190992
BY60C-9_page_1048.out,-0.0206954,0.0162787,0.0608954,0.0475751,-0.000479668,0.00192453
BY60C-9_page_1049.out,-0.0207075,0.0164302,0.0609322,0.0480288,-0.000469492,0.0019298
BY60C-9_page_1050.out,-0.0207275,0.016521,0.0609397,0.048376,-0.000460723,0.00192755
BY60C-9_page_1051.out,-0.0207127,0.0166075,0.0609359,0.0486569,-0.000463261,0.00192334
BY60C-9_page_1052.out,-0.0207162,0.0166748,0.0609345,0.0488474,-0.000469191,0.00192957
BY60C-9_page_1053.out,-0.0207169,0.0167286,0.0609349,0.0490434,-0.000473743,0.00192632
BY60C-9_page_1054.out,-0.0207159,0.0167953,0.060931,0.0492202,-0.000483136,0.00194728
BY60C-9_page_1055.out,-0.0207264,0.0168236,0.0609435,0.0494071,-0.00048325,0.00192308
BY60C-9_page_1056.out,-0.0207222,0.0168577,0.0609383,0.0495297,-0.000482573,0.00193345
BY60C-9_page_1057.out,-0.0207127,0.016897,0.060962,0.0496986,-0.000476127,0.00192808
BY60C-9_page_1058.out,-0.020725,0.0169439,0.0609641,0.0498211,-0.00046079,0.00195059
BY60C-9_page_1059.out,-0.0207271,0.0169609,0.0609389,0.0499215,-0.000471934,0.0019502
BY60C-9_page_1060.out,-0.0207189,0.0170116,0.0609614,0.050027,-0.000455268,0.00193983
BY60C-9_page_1061.out,-0.0207276,0.0170365,0.060964,0.0501209,-0.000457506,0.00193356
BY60C-9_page_1062.out,-0.0207352,0.0170698,0.0609506,0.0502042,-0.000461792,0.00195957
BY60C-9_page_1063.out,-0.0207248,0.0170911,0.0609568,0.0502992,-0.000466678,0.00196077
BY60C-9_page_1064.out,-0.0207258,0.017123,0.060945,0.0503405,-0.000450371,0.0019631
BY60C-9_page_1065.out,-0.0207231,0.0171417,0.0609567,0.0504182,-0.000455441,0.00196246
BY60C-9_page_1066.out,-0.0207367,0.0171408,0.060963,0.0504834,-0.000460405,0.00195637
BY60C-9_page_1067.out,-0.0207395,0.0171853,0.0609612,0.0505745,-0.000463195,0.00195756
BY60C-9_page_1068.out,-0.0207463,0.0171936,0.0609474,0.0506111,-0.000457412,0.00196551
BY60C-9_page_1069.out,-0.0207414,0.017233,0.060958,0.0506751,-0.000467181,0.00196679
BY60C-9_page_1070.out,-0.0207362,0.0172371,0.0609367,0.0506831,-0.00046782,0.00196381
BY60C-9_page_1071.out,-0.0207423,0.0172562,0.0609444,0.0507829,-0.000460258,0.00196768
BY60C-9_page_1072.out,-0.0207541,0.0172682,0.0609346,0.0508325,-0.00046791,0.00195753
BY60C-9_page_1073.out,-0.0207601,0.0172833,0.0609489,0.0509002,-0.000466482,0.00196471
BY60C-9_page_1074.out,-0.0207364,0.0172925,0.0609484,0.050994,-0.000466864,0.00195742
BY60C-9_page_1075.out,-0.0207301,0.0173406,0.0609316,0.0509996,-0.000466702,0.00195787
BY60C-9_page_1076.out,-0.020756,0.0173483,0.0609308,0.0510537,-0.000467606,0.00196008
BY60C-9_page_1077.out,-0.02074,0.0173391,0.0609276,0.0510956,-0.000463258,0.00197026
BY60C-9_page_1078.out,-0.0207331,0.0173658,0.0609306,0.0511699,-0.000465756,0.00196426
